relationship_id,from_entity,to_entity,relationship_type,start_date,end_date,source,description
REL_00000,ENT_00233,OFF_00238,beneficiary_of,2018-09-30,2023-07-10,Panama Papers,Professional relationship connecting offshore entities with individuals.
REL_00001,ENT_00189,OFF_00142,beneficiary_of,2021-08-29,,Pandora Papers,Professional relationship connecting offshore entities with individuals.
REL_00002,ENT_00425,OFF_00221,beneficiary_of,2018-10-10,,Paradise Papers,Professional relationship connecting offshore entities with individuals.
REL_00003,ENT_00100,OFF_00147,officer_of,2023-06-19,,Pandora Papers,Professional relationship connecting offshore entities with individuals.
REL_00004,ENT_00418,OFF_00008,shareholder_of,2019-11-15,,Panama Papers,Professional relationship connecting offshore entities with individuals.
REL_00005,ENT_00243,OFF_00151,officer_of,2024-02-27,,Bahamas Leaks,Professional relationship connecting offshore entities with individuals.
REL_00006,ENT_00357,OFF_00212,director_of,2015-03-12,2025-02-08,Offshore Leaks,Professional relationship connecting offshore entities with individuals.
REL_00007,ENT_00155,OFF_00127,beneficiary_of,2011-09-12,,Pandora Papers,Professional relationship connecting offshore entities with individuals.
REL_00008,ENT_00112,OFF_00194,beneficiary_of,2023-12-20,2024-12-02,Paradise Papers,Professional relationship connecting offshore entities with individuals.
REL_00009,ENT_00173,OFF_00247,shareholder_of,2021-09-26,,Panama Papers,Professional relationship connecting offshore entities with individuals.
REL_00010,ENT_00214,OFF_00221,director_of,2014-02-21,2025-01-24,Bahamas Leaks,Professional relationship connecting offshore entities with individuals.
REL_00011,ENT_00300,OFF_00233,shareholder_of,2012-08-26,2023-05-18,Panama Papers,Professional relationship connecting offshore entities with individuals.
REL_00012,ENT_00412,OFF_00075,officer_of,2018-01-13,,Offshore Leaks,Professional relationship connecting offshore entities with individuals.
REL_00013,ENT_00162,OFF_00033,director_of,2020-07-16,2023-04-07,Pandora Papers,Professional relationship connecting offshore entities with individuals.
REL_00014,ENT_00399,OFF_00195,officer_of,2016-03-24,2023-08-23,Paradise Papers,Professional relationship connecting offshore entities with individuals.
REL_00015,ENT_00198,OFF_00199,beneficiary_of,2024-01-20,2025-04-25,Pandora Papers,Professional relationship connecting offshore entities with individuals.
REL_00016,ENT_00352,OFF_00000,beneficiary_of,2016-10-05,2023-03-02,Pandora Papers,Professional relationship connecting offshore entities with individuals.
REL_00017,ENT_00017,OFF_00295,shareholder_of,2022-10-02,2023-12-30,Bahamas Leaks,Professional relationship connecting offshore entities with individuals.
REL_00018,ENT_00372,OFF_00013,officer_of,2017-11-18,2025-04-27,Paradise Papers,Professional relationship connecting offshore entities with individuals.
REL_00019,ENT_00455,OFF_00106,shareholder_of,2022-05-25,2025-03-23,Paradise Papers,Professional relationship connecting offshore entities with individuals.
REL_00020,ENT_00308,OFF_00232,beneficiary_of,2013-09-04,,Panama Papers,Professional relationship connecting offshore entities with individuals.
REL_00021,ENT_00161,OFF_00239,beneficiary_of,2018-06-27,2022-07-29,Offshore Leaks,Professional relationship connecting offshore entities with individuals.
REL_00022,ENT_00006,OFF_00166,officer_of,2017-04-16,,Offshore Leaks,Professional relationship connecting offshore entities with individuals.
REL_00023,ENT_00251,OFF_00214,director_of,2011-10-21,,Pandora Papers,Professional relationship connecting offshore entities with individuals.
REL_00024,ENT_00254,OFF_00070,director_of,2021-08-07,,Paradise Papers,Professional relationship connecting offshore entities with individuals.
REL_00025,ENT_00125,OFF_00050,director_of,2014-02-03,2024-04-26,Pandora Papers,Professional relationship connecting offshore entities with individuals.
REL_00026,ENT_00495,OFF_00249,director_of,2017-10-27,,Bahamas Leaks,Professional relationship connecting offshore entities with individuals.
REL_00027,ENT_00000,OFF_00027,beneficiary_of,2019-07-07,,Bahamas Leaks,Professional relationship connecting offshore entities with individuals.
REL_00028,ENT_00398,OFF_00200,beneficiary_of,2021-08-17,2024-10-23,Bahamas Leaks,Professional relationship connecting offshore entities with individuals.
REL_00029,ENT_00441,OFF_00213,officer_of,2019-03-26,,Offshore Leaks,Professional relationship connecting offshore entities with individuals.
REL_00030,ENT_00230,OFF_00119,officer_of,2018-02-20,2023-08-23,Bahamas Leaks,Professional relationship connecting offshore entities with individuals.
REL_00031,ENT_00441,OFF_00228,shareholder_of,2017-11-28,2024-11-24,Offshore Leaks,Professional relationship connecting offshore entities with individuals.
REL_00032,ENT_00452,OFF_00231,beneficiary_of,2018-08-25,2023-04-15,Bahamas Leaks,Professional relationship connecting offshore entities with individuals.
REL_00033,ENT_00139,OFF_00252,shareholder_of,2019-01-21,,Panama Papers,Professional relationship connecting offshore entities with individuals.
REL_00034,ENT_00292,OFF_00216,shareholder_of,2016-06-18,2022-08-18,Pandora Papers,Professional relationship connecting offshore entities with individuals.
REL_00035,ENT_00329,OFF_00259,officer_of,2019-03-24,,Paradise Papers,Professional relationship connecting offshore entities with individuals.
REL_00036,ENT_00242,OFF_00005,beneficiary_of,2011-05-25,2023-08-16,Pandora Papers,Professional relationship connecting offshore entities with individuals.
REL_00037,ENT_00386,OFF_00211,beneficiary_of,2017-11-06,,Paradise Papers,Professional relationship connecting offshore entities with individuals.
REL_00038,ENT_00014,OFF_00117,officer_of,2022-10-21,2023-03-29,Pandora Papers,Professional relationship connecting offshore entities with individuals.
REL_00039,ENT_00465,OFF_00019,director_of,2023-05-17,2024-12-13,Offshore Leaks,Professional relationship connecting offshore entities with individuals.
REL_00040,ENT_00141,OFF_00288,officer_of,2019-11-28,,Paradise Papers,Professional relationship connecting offshore entities with individuals.
REL_00041,ENT_00046,OFF_00110,officer_of,2013-10-06,,Bahamas Leaks,Professional relationship connecting offshore entities with individuals.
REL_00042,ENT_00400,OFF_00064,shareholder_of,2023-07-05,,Pandora Papers,Professional relationship connecting offshore entities with individuals.
REL_00043,ENT_00319,OFF_00009,officer_of,2019-02-04,2022-10-07,Offshore Leaks,Professional relationship connecting offshore entities with individuals.
REL_00044,ENT_00166,OFF_00296,shareholder_of,2011-10-23,2023-03-18,Paradise Papers,Professional relationship connecting offshore entities with individuals.
REL_00045,ENT_00220,OFF_00211,beneficiary_of,2020-07-30,,Panama Papers,Professional relationship connecting offshore entities with individuals.
REL_00046,ENT_00088,OFF_00017,shareholder_of,2024-04-26,2023-08-06,Bahamas Leaks,Professional relationship connecting offshore entities with individuals.
REL_00047,ENT_00193,OFF_00051,beneficiary_of,2022-03-24,2023-10-25,Offshore Leaks,Professional relationship connecting offshore entities with individuals.
REL_00048,ENT_00084,OFF_00282,beneficiary_of,2017-04-10,,Paradise Papers,Professional relationship connecting offshore entities with individuals.
REL_00049,ENT_00239,OFF_00001,director_of,2019-05-30,2025-04-01,Pandora Papers,Professional relationship connecting offshore entities with individuals.
REL_00050,ENT_00037,OFF_00166,director_of,2015-12-26,,Offshore Leaks,Professional relationship connecting offshore entities with individuals.
REL_00051,ENT_00164,OFF_00211,officer_of,2022-06-22,,Paradise Papers,Professional relationship connecting offshore entities with individuals.
REL_00052,ENT_00241,OFF_00111,shareholder_of,2022-07-03,,Offshore Leaks,Professional relationship connecting offshore entities with individuals.
REL_00053,ENT_00004,OFF_00068,officer_of,2018-09-18,,Offshore Leaks,Professional relationship connecting offshore entities with individuals.
REL_00054,ENT_00303,OFF_00239,officer_of,2015-12-10,,Panama Papers,Professional relationship connecting offshore entities with individuals.
REL_00055,ENT_00452,OFF_00067,beneficiary_of,2023-09-01,,Pandora Papers,Professional relationship connecting offshore entities with individuals.
REL_00056,ENT_00124,OFF_00068,beneficiary_of,2018-03-16,2023-08-03,Paradise Papers,Professional relationship connecting offshore entities with individuals.
REL_00057,ENT_00207,OFF_00183,officer_of,2019-10-19,2023-08-29,Offshore Leaks,Professional relationship connecting offshore entities with individuals.
REL_00058,ENT_00033,OFF_00091,beneficiary_of,2020-11-03,2025-03-13,Offshore Leaks,Professional relationship connecting offshore entities with individuals.
REL_00059,ENT_00057,OFF_00179,director_of,2011-11-22,,Paradise Papers,Professional relationship connecting offshore entities with individuals.
REL_00060,ENT_00377,OFF_00078,officer_of,2010-11-06,2023-04-24,Paradise Papers,Professional relationship connecting offshore entities with individuals.
REL_00061,ENT_00294,OFF_00237,officer_of,2013-08-23,,Offshore Leaks,Professional relationship connecting offshore entities with individuals.
REL_00062,ENT_00341,OFF_00176,officer_of,2017-02-01,2023-12-27,Pandora Papers,Professional relationship connecting offshore entities with individuals.
REL_00063,ENT_00433,OFF_00152,shareholder_of,2011-03-27,2022-07-22,Paradise Papers,Professional relationship connecting offshore entities with individuals.
REL_00064,ENT_00173,OFF_00276,officer_of,2022-11-17,2023-11-19,Pandora Papers,Professional relationship connecting offshore entities with individuals.
REL_00065,ENT_00184,OFF_00106,beneficiary_of,2013-04-17,2025-05-03,Paradise Papers,Professional relationship connecting offshore entities with individuals.
REL_00066,ENT_00086,OFF_00107,director_of,2015-02-28,,Pandora Papers,Professional relationship connecting offshore entities with individuals.
REL_00067,ENT_00125,OFF_00083,director_of,2017-03-26,2023-06-11,Panama Papers,Professional relationship connecting offshore entities with individuals.
REL_00068,ENT_00374,OFF_00076,officer_of,2011-07-29,2023-05-03,Paradise Papers,Professional relationship connecting offshore entities with individuals.
REL_00069,ENT_00352,OFF_00114,beneficiary_of,2011-12-03,2025-01-16,Pandora Papers,Professional relationship connecting offshore entities with individuals.
REL_00070,ENT_00312,OFF_00048,beneficiary_of,2013-10-07,,Panama Papers,Professional relationship connecting offshore entities with individuals.
REL_00071,ENT_00104,OFF_00161,officer_of,2013-12-04,2025-03-30,Bahamas Leaks,Professional relationship connecting offshore entities with individuals.
REL_00072,ENT_00451,OFF_00203,shareholder_of,2021-07-27,,Paradise Papers,Professional relationship connecting offshore entities with individuals.
REL_00073,ENT_00469,OFF_00133,beneficiary_of,2017-08-19,2024-07-20,Bahamas Leaks,Professional relationship connecting offshore entities with individuals.
REL_00074,ENT_00109,OFF_00100,officer_of,2012-06-18,2024-02-13,Paradise Papers,Professional relationship connecting offshore entities with individuals.
REL_00075,ENT_00271,OFF_00138,director_of,2017-07-04,,Bahamas Leaks,Professional relationship connecting offshore entities with individuals.
REL_00076,ENT_00242,OFF_00229,officer_of,2020-06-08,,Paradise Papers,Professional relationship connecting offshore entities with individuals.
REL_00077,ENT_00211,OFF_00213,beneficiary_of,2010-11-09,,Paradise Papers,Professional relationship connecting offshore entities with individuals.
REL_00078,ENT_00092,OFF_00199,beneficiary_of,2014-04-13,2025-03-28,Pandora Papers,Professional relationship connecting offshore entities with individuals.
REL_00079,ENT_00094,OFF_00071,beneficiary_of,2015-02-12,,Panama Papers,Professional relationship connecting offshore entities with individuals.
REL_00080,ENT_00047,OFF_00182,officer_of,2014-02-13,,Bahamas Leaks,Professional relationship connecting offshore entities with individuals.
REL_00081,ENT_00021,OFF_00114,officer_of,2024-02-07,,Paradise Papers,Professional relationship connecting offshore entities with individuals.
REL_00082,ENT_00082,OFF_00156,beneficiary_of,2020-05-09,2025-01-09,Bahamas Leaks,Professional relationship connecting offshore entities with individuals.
REL_00083,ENT_00396,OFF_00259,director_of,2019-12-12,2024-08-04,Paradise Papers,Professional relationship connecting offshore entities with individuals.
REL_00084,ENT_00019,OFF_00154,director_of,2022-02-23,2024-04-07,Offshore Leaks,Professional relationship connecting offshore entities with individuals.
REL_00085,ENT_00206,OFF_00277,officer_of,2019-02-19,2023-09-09,Pandora Papers,Professional relationship connecting offshore entities with individuals.
REL_00086,ENT_00012,OFF_00170,director_of,2019-11-11,2024-07-17,Pandora Papers,Professional relationship connecting offshore entities with individuals.
REL_00087,ENT_00229,OFF_00159,officer_of,2010-09-02,2024-08-30,Bahamas Leaks,Professional relationship connecting offshore entities with individuals.
REL_00088,ENT_00052,OFF_00182,director_of,2010-11-14,,Paradise Papers,Professional relationship connecting offshore entities with individuals.
REL_00089,ENT_00081,OFF_00154,director_of,2021-09-09,2025-02-13,Offshore Leaks,Professional relationship connecting offshore entities with individuals.
REL_00090,ENT_00430,OFF_00118,director_of,2013-08-06,2024-01-03,Bahamas Leaks,Professional relationship connecting offshore entities with individuals.
REL_00091,ENT_00158,OFF_00079,director_of,2024-06-28,2024-04-27,Panama Papers,Professional relationship connecting offshore entities with individuals.
REL_00092,ENT_00376,OFF_00292,shareholder_of,2014-04-25,,Bahamas Leaks,Professional relationship connecting offshore entities with individuals.
REL_00093,ENT_00005,OFF_00045,beneficiary_of,2024-05-04,,Bahamas Leaks,Professional relationship connecting offshore entities with individuals.
REL_00094,ENT_00120,OFF_00294,officer_of,2012-07-14,2025-05-09,Pandora Papers,Professional relationship connecting offshore entities with individuals.
REL_00095,ENT_00269,OFF_00027,director_of,2015-08-06,2025-01-17,Pandora Papers,Professional relationship connecting offshore entities with individuals.
REL_00096,ENT_00418,OFF_00000,shareholder_of,2015-05-31,,Offshore Leaks,Professional relationship connecting offshore entities with individuals.
REL_00097,ENT_00138,OFF_00001,director_of,2017-10-10,2025-05-08,Paradise Papers,Professional relationship connecting offshore entities with individuals.
REL_00098,ENT_00241,OFF_00223,director_of,2021-07-04,2024-01-24,Offshore Leaks,Professional relationship connecting offshore entities with individuals.
REL_00099,ENT_00367,OFF_00063,beneficiary_of,2013-11-11,,Offshore Leaks,Professional relationship connecting offshore entities with individuals.
REL_00100,ENT_00074,OFF_00068,director_of,2021-05-02,,Paradise Papers,Professional relationship connecting offshore entities with individuals.
REL_00101,ENT_00104,OFF_00289,director_of,2023-08-07,,Bahamas Leaks,Professional relationship connecting offshore entities with individuals.
REL_00102,ENT_00041,OFF_00297,officer_of,2015-03-08,2025-03-08,Bahamas Leaks,Professional relationship connecting offshore entities with individuals.
REL_00103,ENT_00257,OFF_00297,officer_of,2011-05-13,2024-07-30,Paradise Papers,Professional relationship connecting offshore entities with individuals.
REL_00104,ENT_00016,OFF_00142,director_of,2011-09-05,2022-10-31,Offshore Leaks,Professional relationship connecting offshore entities with individuals.
REL_00105,ENT_00186,OFF_00207,shareholder_of,2011-12-09,,Panama Papers,Professional relationship connecting offshore entities with individuals.
REL_00106,ENT_00414,OFF_00000,beneficiary_of,2020-05-19,2022-08-21,Offshore Leaks,Professional relationship connecting offshore entities with individuals.
REL_00107,ENT_00018,OFF_00265,officer_of,2010-12-11,,Bahamas Leaks,Professional relationship connecting offshore entities with individuals.
REL_00108,ENT_00199,OFF_00275,officer_of,2017-06-14,,Panama Papers,Professional relationship connecting offshore entities with individuals.
REL_00109,ENT_00122,OFF_00048,shareholder_of,2019-03-04,,Panama Papers,Professional relationship connecting offshore entities with individuals.
REL_00110,ENT_00257,OFF_00126,officer_of,2017-10-10,,Pandora Papers,Professional relationship connecting offshore entities with individuals.
REL_00111,ENT_00164,OFF_00234,beneficiary_of,2016-02-08,2024-05-18,Offshore Leaks,Professional relationship connecting offshore entities with individuals.
REL_00112,ENT_00114,OFF_00196,beneficiary_of,2018-02-16,,Panama Papers,Professional relationship connecting offshore entities with individuals.
REL_00113,ENT_00463,OFF_00124,officer_of,2012-06-10,,Pandora Papers,Professional relationship connecting offshore entities with individuals.
REL_00114,ENT_00302,OFF_00078,director_of,2017-07-26,2022-10-25,Paradise Papers,Professional relationship connecting offshore entities with individuals.
REL_00115,ENT_00013,OFF_00094,beneficiary_of,2013-09-26,2024-09-25,Paradise Papers,Professional relationship connecting offshore entities with individuals.
REL_00116,ENT_00398,OFF_00018,officer_of,2023-04-10,2024-10-17,Paradise Papers,Professional relationship connecting offshore entities with individuals.
REL_00117,ENT_00104,OFF_00050,officer_of,2019-01-30,,Offshore Leaks,Professional relationship connecting offshore entities with individuals.
REL_00118,ENT_00090,OFF_00291,beneficiary_of,2011-08-13,,Pandora Papers,Professional relationship connecting offshore entities with individuals.
REL_00119,ENT_00190,OFF_00142,officer_of,2019-04-15,,Offshore Leaks,Professional relationship connecting offshore entities with individuals.
REL_00120,ENT_00205,OFF_00061,beneficiary_of,2013-06-10,,Panama Papers,Professional relationship connecting offshore entities with individuals.
REL_00121,ENT_00284,OFF_00005,officer_of,2019-01-09,,Offshore Leaks,Professional relationship connecting offshore entities with individuals.
REL_00122,ENT_00305,OFF_00212,beneficiary_of,2014-04-25,2025-04-19,Paradise Papers,Professional relationship connecting offshore entities with individuals.
REL_00123,ENT_00193,OFF_00099,shareholder_of,2013-03-06,2022-07-22,Offshore Leaks,Professional relationship connecting offshore entities with individuals.
REL_00124,ENT_00286,OFF_00245,director_of,2023-03-13,2023-03-24,Paradise Papers,Professional relationship connecting offshore entities with individuals.
REL_00125,ENT_00098,OFF_00161,officer_of,2012-01-31,,Offshore Leaks,Professional relationship connecting offshore entities with individuals.
REL_00126,ENT_00328,OFF_00126,officer_of,2012-08-14,2024-09-08,Paradise Papers,Professional relationship connecting offshore entities with individuals.
REL_00127,ENT_00201,OFF_00063,director_of,2023-06-11,2023-03-31,Panama Papers,Professional relationship connecting offshore entities with individuals.
REL_00128,ENT_00381,OFF_00054,beneficiary_of,2021-07-15,2022-12-04,Paradise Papers,Professional relationship connecting offshore entities with individuals.
REL_00129,ENT_00109,OFF_00229,director_of,2010-11-02,2022-09-13,Panama Papers,Professional relationship connecting offshore entities with individuals.
REL_00130,ENT_00048,OFF_00107,director_of,2018-08-24,,Bahamas Leaks,Professional relationship connecting offshore entities with individuals.
REL_00131,ENT_00066,OFF_00200,shareholder_of,2019-07-01,,Panama Papers,Professional relationship connecting offshore entities with individuals.
REL_00132,ENT_00407,OFF_00271,beneficiary_of,2018-10-18,2024-01-05,Pandora Papers,Professional relationship connecting offshore entities with individuals.
REL_00133,ENT_00245,OFF_00231,shareholder_of,2024-04-13,,Panama Papers,Professional relationship connecting offshore entities with individuals.
REL_00134,ENT_00069,OFF_00276,shareholder_of,2013-05-11,,Panama Papers,Professional relationship connecting offshore entities with individuals.
REL_00135,ENT_00196,OFF_00280,beneficiary_of,2014-03-03,2023-08-28,Bahamas Leaks,Professional relationship connecting offshore entities with individuals.
REL_00136,ENT_00037,OFF_00161,shareholder_of,2015-04-12,2024-03-01,Pandora Papers,Professional relationship connecting offshore entities with individuals.
REL_00137,ENT_00367,OFF_00195,shareholder_of,2012-07-06,2025-06-11,Panama Papers,Professional relationship connecting offshore entities with individuals.
REL_00138,ENT_00435,OFF_00171,beneficiary_of,2017-10-16,,Bahamas Leaks,Professional relationship connecting offshore entities with individuals.
REL_00139,ENT_00197,OFF_00234,officer_of,2011-02-22,2024-11-30,Paradise Papers,Professional relationship connecting offshore entities with individuals.
REL_00140,ENT_00005,OFF_00265,officer_of,2015-08-15,,Bahamas Leaks,Professional relationship connecting offshore entities with individuals.
REL_00141,ENT_00064,OFF_00162,officer_of,2015-12-06,,Offshore Leaks,Professional relationship connecting offshore entities with individuals.
REL_00142,ENT_00242,OFF_00233,shareholder_of,2019-05-19,,Pandora Papers,Professional relationship connecting offshore entities with individuals.
REL_00143,ENT_00024,OFF_00032,shareholder_of,2020-08-13,2024-03-17,Bahamas Leaks,Professional relationship connecting offshore entities with individuals.
REL_00144,ENT_00188,OFF_00193,director_of,2017-12-18,2023-02-14,Panama Papers,Professional relationship connecting offshore entities with individuals.
REL_00145,ENT_00051,OFF_00279,officer_of,2015-12-24,,Offshore Leaks,Professional relationship connecting offshore entities with individuals.
REL_00146,ENT_00413,OFF_00071,shareholder_of,2022-12-29,2023-08-19,Paradise Papers,Professional relationship connecting offshore entities with individuals.
REL_00147,ENT_00040,OFF_00279,beneficiary_of,2017-12-15,2023-08-01,Bahamas Leaks,Professional relationship connecting offshore entities with individuals.
REL_00148,ENT_00126,OFF_00284,beneficiary_of,2010-11-26,2023-10-09,Bahamas Leaks,Professional relationship connecting offshore entities with individuals.
REL_00149,ENT_00340,OFF_00063,beneficiary_of,2022-02-16,2024-02-16,Pandora Papers,Professional relationship connecting offshore entities with individuals.
REL_00150,ENT_00187,OFF_00084,officer_of,2020-06-05,2023-07-17,Offshore Leaks,Professional relationship connecting offshore entities with individuals.
REL_00151,ENT_00205,OFF_00194,officer_of,2023-09-01,2024-04-03,Panama Papers,Professional relationship connecting offshore entities with individuals.
REL_00152,ENT_00499,OFF_00100,officer_of,2012-10-29,2023-11-06,Offshore Leaks,Professional relationship connecting offshore entities with individuals.
REL_00153,ENT_00279,OFF_00256,beneficiary_of,2015-05-16,2024-11-05,Panama Papers,Professional relationship connecting offshore entities with individuals.
REL_00154,ENT_00387,OFF_00277,beneficiary_of,2023-08-08,,Pandora Papers,Professional relationship connecting offshore entities with individuals.
REL_00155,ENT_00231,OFF_00233,director_of,2022-01-24,2023-12-25,Panama Papers,Professional relationship connecting offshore entities with individuals.
REL_00156,ENT_00053,OFF_00110,shareholder_of,2018-06-12,,Paradise Papers,Professional relationship connecting offshore entities with individuals.
REL_00157,ENT_00412,OFF_00085,director_of,2024-03-08,,Bahamas Leaks,Professional relationship connecting offshore entities with individuals.
REL_00158,ENT_00380,OFF_00062,director_of,2021-03-25,2025-04-14,Offshore Leaks,Professional relationship connecting offshore entities with individuals.
REL_00159,ENT_00479,OFF_00210,shareholder_of,2020-11-21,2023-02-03,Offshore Leaks,Professional relationship connecting offshore entities with individuals.
REL_00160,ENT_00010,OFF_00239,director_of,2011-10-14,2024-04-17,Bahamas Leaks,Professional relationship connecting offshore entities with individuals.
REL_00161,ENT_00253,OFF_00224,beneficiary_of,2021-05-25,2023-04-08,Pandora Papers,Professional relationship connecting offshore entities with individuals.
REL_00162,ENT_00104,OFF_00105,director_of,2011-01-21,,Pandora Papers,Professional relationship connecting offshore entities with individuals.
REL_00163,ENT_00431,OFF_00080,director_of,2020-07-04,2022-09-21,Panama Papers,Professional relationship connecting offshore entities with individuals.
REL_00164,ENT_00107,OFF_00080,shareholder_of,2023-06-04,,Panama Papers,Professional relationship connecting offshore entities with individuals.
REL_00165,ENT_00244,OFF_00074,beneficiary_of,2015-12-08,2022-10-03,Panama Papers,Professional relationship connecting offshore entities with individuals.
REL_00166,ENT_00035,OFF_00267,officer_of,2018-02-27,2024-04-13,Paradise Papers,Professional relationship connecting offshore entities with individuals.
REL_00167,ENT_00024,OFF_00295,director_of,2018-03-15,2025-01-24,Bahamas Leaks,Professional relationship connecting offshore entities with individuals.
REL_00168,ENT_00313,OFF_00056,officer_of,2020-06-21,2022-09-11,Bahamas Leaks,Professional relationship connecting offshore entities with individuals.
REL_00169,ENT_00433,OFF_00047,beneficiary_of,2014-03-17,2024-08-11,Paradise Papers,Professional relationship connecting offshore entities with individuals.
REL_00170,ENT_00286,OFF_00188,director_of,2024-04-02,,Paradise Papers,Professional relationship connecting offshore entities with individuals.
REL_00171,ENT_00180,OFF_00075,officer_of,2023-12-21,2025-05-02,Panama Papers,Professional relationship connecting offshore entities with individuals.
REL_00172,ENT_00093,OFF_00175,beneficiary_of,2015-12-17,,Offshore Leaks,Professional relationship connecting offshore entities with individuals.
REL_00173,ENT_00046,OFF_00296,shareholder_of,2016-07-11,,Paradise Papers,Professional relationship connecting offshore entities with individuals.
REL_00174,ENT_00008,OFF_00005,director_of,2015-07-09,,Pandora Papers,Professional relationship connecting offshore entities with individuals.
REL_00175,ENT_00017,OFF_00062,shareholder_of,2022-11-14,2024-04-16,Panama Papers,Professional relationship connecting offshore entities with individuals.
REL_00176,ENT_00232,OFF_00237,officer_of,2020-12-13,,Offshore Leaks,Professional relationship connecting offshore entities with individuals.
REL_00177,ENT_00176,OFF_00103,shareholder_of,2024-02-10,,Bahamas Leaks,Professional relationship connecting offshore entities with individuals.
REL_00178,ENT_00167,OFF_00045,beneficiary_of,2018-09-07,,Panama Papers,Professional relationship connecting offshore entities with individuals.
REL_00179,ENT_00272,OFF_00211,director_of,2011-08-17,2024-03-01,Bahamas Leaks,Professional relationship connecting offshore entities with individuals.
REL_00180,ENT_00071,OFF_00267,shareholder_of,2018-01-10,,Pandora Papers,Professional relationship connecting offshore entities with individuals.
REL_00181,ENT_00087,OFF_00073,shareholder_of,2016-02-17,,Panama Papers,Professional relationship connecting offshore entities with individuals.
REL_00182,ENT_00224,OFF_00036,officer_of,2011-06-07,,Offshore Leaks,Professional relationship connecting offshore entities with individuals.
REL_00183,ENT_00135,OFF_00069,shareholder_of,2012-02-16,2024-09-04,Panama Papers,Professional relationship connecting offshore entities with individuals.
REL_00184,ENT_00345,OFF_00173,director_of,2013-10-06,,Panama Papers,Professional relationship connecting offshore entities with individuals.
REL_00185,ENT_00327,OFF_00115,director_of,2012-07-16,2024-04-22,Pandora Papers,Professional relationship connecting offshore entities with individuals.
REL_00186,ENT_00498,OFF_00107,director_of,2019-04-07,2022-12-27,Panama Papers,Professional relationship connecting offshore entities with individuals.
REL_00187,ENT_00217,OFF_00202,officer_of,2016-06-08,,Offshore Leaks,Professional relationship connecting offshore entities with individuals.
REL_00188,ENT_00132,OFF_00034,director_of,2014-11-08,,Panama Papers,Professional relationship connecting offshore entities with individuals.
REL_00189,ENT_00309,OFF_00057,director_of,2016-04-04,2024-05-31,Bahamas Leaks,Professional relationship connecting offshore entities with individuals.
REL_00190,ENT_00254,OFF_00057,officer_of,2015-01-22,,Panama Papers,Professional relationship connecting offshore entities with individuals.
REL_00191,ENT_00190,OFF_00089,officer_of,2015-01-25,,Pandora Papers,Professional relationship connecting offshore entities with individuals.
REL_00192,ENT_00345,OFF_00101,officer_of,2013-08-23,,Bahamas Leaks,Professional relationship connecting offshore entities with individuals.
REL_00193,ENT_00047,OFF_00012,shareholder_of,2020-01-24,2025-03-08,Bahamas Leaks,Professional relationship connecting offshore entities with individuals.
REL_00194,ENT_00388,OFF_00226,shareholder_of,2016-01-05,2024-01-18,Pandora Papers,Professional relationship connecting offshore entities with individuals.
REL_00195,ENT_00387,OFF_00156,director_of,2021-06-16,,Offshore Leaks,Professional relationship connecting offshore entities with individuals.
REL_00196,ENT_00174,OFF_00299,officer_of,2013-11-13,2023-07-19,Panama Papers,Professional relationship connecting offshore entities with individuals.
REL_00197,ENT_00213,OFF_00219,director_of,2015-04-10,,Panama Papers,Professional relationship connecting offshore entities with individuals.
REL_00198,ENT_00390,OFF_00254,shareholder_of,2024-06-18,2024-05-09,Panama Papers,Professional relationship connecting offshore entities with individuals.
REL_00199,ENT_00023,OFF_00128,beneficiary_of,2010-09-18,2023-05-01,Paradise Papers,Professional relationship connecting offshore entities with individuals.
REL_00200,ENT_00114,OFF_00084,director_of,2011-07-03,,Bahamas Leaks,Professional relationship connecting offshore entities with individuals.
REL_00201,ENT_00216,OFF_00072,director_of,2014-11-23,,Offshore Leaks,Professional relationship connecting offshore entities with individuals.
REL_00202,ENT_00482,OFF_00136,beneficiary_of,2022-09-05,,Bahamas Leaks,Professional relationship connecting offshore entities with individuals.
REL_00203,ENT_00067,OFF_00047,beneficiary_of,2017-08-06,,Paradise Papers,Professional relationship connecting offshore entities with individuals.
REL_00204,ENT_00185,OFF_00190,officer_of,2021-05-15,2024-06-04,Offshore Leaks,Professional relationship connecting offshore entities with individuals.
REL_00205,ENT_00364,OFF_00193,director_of,2014-02-17,2023-12-10,Pandora Papers,Professional relationship connecting offshore entities with individuals.
REL_00206,ENT_00192,OFF_00080,beneficiary_of,2021-04-06,,Bahamas Leaks,Professional relationship connecting offshore entities with individuals.
REL_00207,ENT_00263,OFF_00192,beneficiary_of,2023-07-17,2024-05-23,Bahamas Leaks,Professional relationship connecting offshore entities with individuals.
REL_00208,ENT_00075,OFF_00187,shareholder_of,2021-08-25,,Pandora Papers,Professional relationship connecting offshore entities with individuals.
REL_00209,ENT_00490,OFF_00091,officer_of,2016-04-30,,Pandora Papers,Professional relationship connecting offshore entities with individuals.
REL_00210,ENT_00410,OFF_00171,director_of,2016-12-31,,Bahamas Leaks,Professional relationship connecting offshore entities with individuals.
REL_00211,ENT_00237,OFF_00110,shareholder_of,2019-05-28,2023-09-23,Panama Papers,Professional relationship connecting offshore entities with individuals.
REL_00212,ENT_00224,OFF_00029,beneficiary_of,2018-05-15,2024-03-05,Offshore Leaks,Professional relationship connecting offshore entities with individuals.
REL_00213,ENT_00085,OFF_00203,beneficiary_of,2018-07-05,2023-09-02,Paradise Papers,Professional relationship connecting offshore entities with individuals.
REL_00214,ENT_00269,OFF_00089,officer_of,2014-11-01,,Offshore Leaks,Professional relationship connecting offshore entities with individuals.
REL_00215,ENT_00357,OFF_00272,officer_of,2012-01-28,,Pandora Papers,Professional relationship connecting offshore entities with individuals.
REL_00216,ENT_00120,OFF_00021,director_of,2018-02-26,,Paradise Papers,Professional relationship connecting offshore entities with individuals.
REL_00217,ENT_00046,OFF_00122,shareholder_of,2015-08-22,2024-03-02,Pandora Papers,Professional relationship connecting offshore entities with individuals.
REL_00218,ENT_00051,OFF_00204,beneficiary_of,2021-07-14,,Paradise Papers,Professional relationship connecting offshore entities with individuals.
REL_00219,ENT_00441,OFF_00215,beneficiary_of,2010-08-10,,Paradise Papers,Professional relationship connecting offshore entities with individuals.
REL_00220,ENT_00318,OFF_00209,officer_of,2016-01-07,,Offshore Leaks,Professional relationship connecting offshore entities with individuals.
REL_00221,ENT_00288,OFF_00237,director_of,2011-04-30,,Paradise Papers,Professional relationship connecting offshore entities with individuals.
REL_00222,ENT_00466,OFF_00162,director_of,2016-01-22,2022-10-01,Paradise Papers,Professional relationship connecting offshore entities with individuals.
REL_00223,ENT_00328,OFF_00201,director_of,2011-04-19,2023-06-17,Pandora Papers,Professional relationship connecting offshore entities with individuals.
REL_00224,ENT_00308,OFF_00147,director_of,2020-03-29,,Bahamas Leaks,Professional relationship connecting offshore entities with individuals.
REL_00225,ENT_00240,OFF_00009,director_of,2015-02-03,,Paradise Papers,Professional relationship connecting offshore entities with individuals.
REL_00226,ENT_00221,OFF_00116,officer_of,2014-12-08,2025-06-14,Panama Papers,Professional relationship connecting offshore entities with individuals.
REL_00227,ENT_00044,OFF_00292,director_of,2022-03-26,2025-05-15,Bahamas Leaks,Professional relationship connecting offshore entities with individuals.
REL_00228,ENT_00066,OFF_00041,director_of,2019-07-07,,Bahamas Leaks,Professional relationship connecting offshore entities with individuals.
REL_00229,ENT_00377,OFF_00015,shareholder_of,2014-02-26,2022-07-09,Panama Papers,Professional relationship connecting offshore entities with individuals.
REL_00230,ENT_00163,OFF_00262,beneficiary_of,2016-06-06,2024-11-18,Paradise Papers,Professional relationship connecting offshore entities with individuals.
REL_00231,ENT_00424,OFF_00016,director_of,2020-06-14,2024-02-25,Paradise Papers,Professional relationship connecting offshore entities with individuals.
REL_00232,ENT_00236,OFF_00120,director_of,2015-01-13,,Pandora Papers,Professional relationship connecting offshore entities with individuals.
REL_00233,ENT_00337,OFF_00092,director_of,2021-03-20,2024-09-25,Pandora Papers,Professional relationship connecting offshore entities with individuals.
REL_00234,ENT_00370,OFF_00189,beneficiary_of,2018-02-15,,Panama Papers,Professional relationship connecting offshore entities with individuals.
REL_00235,ENT_00158,OFF_00114,shareholder_of,2015-03-04,2025-01-10,Pandora Papers,Professional relationship connecting offshore entities with individuals.
REL_00236,ENT_00202,OFF_00097,shareholder_of,2011-07-22,2025-05-06,Offshore Leaks,Professional relationship connecting offshore entities with individuals.
REL_00237,ENT_00120,OFF_00141,officer_of,2024-05-15,,Paradise Papers,Professional relationship connecting offshore entities with individuals.
REL_00238,ENT_00383,OFF_00051,officer_of,2020-02-22,2024-09-07,Bahamas Leaks,Professional relationship connecting offshore entities with individuals.
REL_00239,ENT_00326,OFF_00146,officer_of,2015-02-26,,Bahamas Leaks,Professional relationship connecting offshore entities with individuals.
REL_00240,ENT_00405,OFF_00140,director_of,2021-07-13,2024-06-10,Panama Papers,Professional relationship connecting offshore entities with individuals.
REL_00241,ENT_00283,OFF_00031,shareholder_of,2014-01-25,2024-01-12,Pandora Papers,Professional relationship connecting offshore entities with individuals.
REL_00242,ENT_00087,OFF_00282,beneficiary_of,2019-02-28,2024-03-01,Pandora Papers,Professional relationship connecting offshore entities with individuals.
REL_00243,ENT_00398,OFF_00288,shareholder_of,2014-11-07,,Pandora Papers,Professional relationship connecting offshore entities with individuals.
REL_00244,ENT_00213,OFF_00026,shareholder_of,2024-05-27,,Paradise Papers,Professional relationship connecting offshore entities with individuals.
REL_00245,ENT_00300,OFF_00184,beneficiary_of,2014-01-26,2022-10-21,Panama Papers,Professional relationship connecting offshore entities with individuals.
REL_00246,ENT_00177,OFF_00086,director_of,2023-05-05,,Paradise Papers,Professional relationship connecting offshore entities with individuals.
REL_00247,ENT_00362,OFF_00288,shareholder_of,2019-04-26,2022-09-15,Paradise Papers,Professional relationship connecting offshore entities with individuals.
REL_00248,ENT_00485,OFF_00271,beneficiary_of,2020-08-14,2024-11-09,Pandora Papers,Professional relationship connecting offshore entities with individuals.
REL_00249,ENT_00265,OFF_00073,beneficiary_of,2011-04-20,2024-11-13,Offshore Leaks,Professional relationship connecting offshore entities with individuals.
REL_00250,ENT_00232,OFF_00294,officer_of,2014-09-10,,Offshore Leaks,Professional relationship connecting offshore entities with individuals.
REL_00251,ENT_00440,OFF_00143,director_of,2019-09-02,2024-07-03,Offshore Leaks,Professional relationship connecting offshore entities with individuals.
REL_00252,ENT_00341,OFF_00050,beneficiary_of,2013-10-04,2023-07-01,Paradise Papers,Professional relationship connecting offshore entities with individuals.
REL_00253,ENT_00129,OFF_00267,shareholder_of,2018-04-14,,Offshore Leaks,Professional relationship connecting offshore entities with individuals.
REL_00254,ENT_00327,OFF_00134,beneficiary_of,2014-07-28,,Bahamas Leaks,Professional relationship connecting offshore entities with individuals.
REL_00255,ENT_00018,OFF_00129,officer_of,2022-11-19,,Pandora Papers,Professional relationship connecting offshore entities with individuals.
REL_00256,ENT_00287,OFF_00090,shareholder_of,2011-08-07,2022-09-21,Pandora Papers,Professional relationship connecting offshore entities with individuals.
REL_00257,ENT_00158,OFF_00113,director_of,2011-05-15,,Pandora Papers,Professional relationship connecting offshore entities with individuals.
REL_00258,ENT_00313,OFF_00009,beneficiary_of,2012-05-08,,Offshore Leaks,Professional relationship connecting offshore entities with individuals.
REL_00259,ENT_00201,OFF_00198,officer_of,2016-12-10,2024-04-21,Paradise Papers,Professional relationship connecting offshore entities with individuals.
REL_00260,ENT_00432,OFF_00106,beneficiary_of,2015-04-15,,Panama Papers,Professional relationship connecting offshore entities with individuals.
REL_00261,ENT_00341,OFF_00002,officer_of,2010-11-27,2024-03-10,Panama Papers,Professional relationship connecting offshore entities with individuals.
REL_00262,ENT_00445,OFF_00220,shareholder_of,2023-10-07,,Offshore Leaks,Professional relationship connecting offshore entities with individuals.
REL_00263,ENT_00271,OFF_00115,director_of,2010-11-17,,Offshore Leaks,Professional relationship connecting offshore entities with individuals.
REL_00264,ENT_00144,OFF_00203,beneficiary_of,2016-02-06,,Bahamas Leaks,Professional relationship connecting offshore entities with individuals.
REL_00265,ENT_00081,OFF_00161,officer_of,2023-01-08,,Offshore Leaks,Professional relationship connecting offshore entities with individuals.
REL_00266,ENT_00356,OFF_00197,beneficiary_of,2017-08-10,,Paradise Papers,Professional relationship connecting offshore entities with individuals.
REL_00267,ENT_00405,OFF_00183,director_of,2010-09-24,2024-11-03,Paradise Papers,Professional relationship connecting offshore entities with individuals.
REL_00268,ENT_00472,OFF_00024,officer_of,2012-03-01,2025-03-25,Panama Papers,Professional relationship connecting offshore entities with individuals.
REL_00269,ENT_00078,OFF_00015,shareholder_of,2011-04-14,2023-05-23,Paradise Papers,Professional relationship connecting offshore entities with individuals.
REL_00270,ENT_00330,OFF_00123,shareholder_of,2013-05-25,,Pandora Papers,Professional relationship connecting offshore entities with individuals.
REL_00271,ENT_00327,OFF_00165,shareholder_of,2013-10-24,,Bahamas Leaks,Professional relationship connecting offshore entities with individuals.
REL_00272,ENT_00394,OFF_00287,officer_of,2024-02-29,2022-12-10,Offshore Leaks,Professional relationship connecting offshore entities with individuals.
REL_00273,ENT_00246,OFF_00108,shareholder_of,2019-08-29,2023-12-05,Pandora Papers,Professional relationship connecting offshore entities with individuals.
REL_00274,ENT_00036,OFF_00273,shareholder_of,2021-05-15,,Panama Papers,Professional relationship connecting offshore entities with individuals.
REL_00275,ENT_00096,OFF_00285,director_of,2017-11-28,2024-12-01,Bahamas Leaks,Professional relationship connecting offshore entities with individuals.
REL_00276,ENT_00110,OFF_00054,officer_of,2023-08-26,2025-01-25,Offshore Leaks,Professional relationship connecting offshore entities with individuals.
REL_00277,ENT_00224,OFF_00060,beneficiary_of,2015-01-29,,Pandora Papers,Professional relationship connecting offshore entities with individuals.
REL_00278,ENT_00230,OFF_00030,beneficiary_of,2011-04-30,2025-04-20,Offshore Leaks,Professional relationship connecting offshore entities with individuals.
REL_00279,ENT_00226,OFF_00288,officer_of,2023-03-31,2024-05-24,Pandora Papers,Professional relationship connecting offshore entities with individuals.
REL_00280,ENT_00485,OFF_00186,beneficiary_of,2023-10-10,2023-06-08,Pandora Papers,Professional relationship connecting offshore entities with individuals.
REL_00281,ENT_00016,OFF_00094,shareholder_of,2013-11-20,2022-12-31,Panama Papers,Professional relationship connecting offshore entities with individuals.
REL_00282,ENT_00388,OFF_00291,director_of,2013-01-26,,Paradise Papers,Professional relationship connecting offshore entities with individuals.
REL_00283,ENT_00033,OFF_00095,director_of,2023-05-27,2022-11-03,Panama Papers,Professional relationship connecting offshore entities with individuals.
REL_00284,ENT_00203,OFF_00194,shareholder_of,2023-04-18,2023-06-02,Paradise Papers,Professional relationship connecting offshore entities with individuals.
REL_00285,ENT_00012,OFF_00166,beneficiary_of,2019-07-20,,Paradise Papers,Professional relationship connecting offshore entities with individuals.
REL_00286,ENT_00229,OFF_00287,director_of,2020-05-29,,Bahamas Leaks,Professional relationship connecting offshore entities with individuals.
REL_00287,ENT_00430,OFF_00214,officer_of,2015-07-08,,Pandora Papers,Professional relationship connecting offshore entities with individuals.
REL_00288,ENT_00022,OFF_00047,beneficiary_of,2019-11-26,2022-10-03,Offshore Leaks,Professional relationship connecting offshore entities with individuals.
REL_00289,ENT_00021,OFF_00108,director_of,2013-06-30,,Paradise Papers,Professional relationship connecting offshore entities with individuals.
REL_00290,ENT_00115,OFF_00219,beneficiary_of,2019-01-21,,Panama Papers,Professional relationship connecting offshore entities with individuals.
REL_00291,ENT_00045,OFF_00121,shareholder_of,2012-02-06,2024-01-28,Offshore Leaks,Professional relationship connecting offshore entities with individuals.
REL_00292,ENT_00189,OFF_00078,officer_of,2017-09-14,2025-04-26,Pandora Papers,Professional relationship connecting offshore entities with individuals.
REL_00293,ENT_00387,OFF_00295,officer_of,2018-10-29,2025-01-22,Pandora Papers,Professional relationship connecting offshore entities with individuals.
REL_00294,ENT_00492,OFF_00206,officer_of,2019-04-07,2024-05-26,Panama Papers,Professional relationship connecting offshore entities with individuals.
REL_00295,ENT_00266,OFF_00191,director_of,2021-10-08,,Panama Papers,Professional relationship connecting offshore entities with individuals.
REL_00296,ENT_00090,OFF_00236,shareholder_of,2018-04-10,,Panama Papers,Professional relationship connecting offshore entities with individuals.
REL_00297,ENT_00004,OFF_00124,director_of,2014-09-29,2024-02-21,Pandora Papers,Professional relationship connecting offshore entities with individuals.
REL_00298,ENT_00245,OFF_00161,officer_of,2014-02-12,2022-09-21,Pandora Papers,Professional relationship connecting offshore entities with individuals.
REL_00299,ENT_00365,OFF_00115,director_of,2014-10-23,2024-03-29,Pandora Papers,Professional relationship connecting offshore entities with individuals.
REL_00300,ENT_00381,OFF_00077,beneficiary_of,2021-11-25,,Panama Papers,Professional relationship connecting offshore entities with individuals.
REL_00301,ENT_00307,OFF_00022,director_of,2015-01-27,,Offshore Leaks,Professional relationship connecting offshore entities with individuals.
REL_00302,ENT_00046,OFF_00070,beneficiary_of,2022-02-07,2023-01-02,Offshore Leaks,Professional relationship connecting offshore entities with individuals.
REL_00303,ENT_00478,OFF_00148,director_of,2016-04-09,,Bahamas Leaks,Professional relationship connecting offshore entities with individuals.
REL_00304,ENT_00031,OFF_00084,beneficiary_of,2019-02-06,2025-05-16,Bahamas Leaks,Professional relationship connecting offshore entities with individuals.
REL_00305,ENT_00405,OFF_00059,shareholder_of,2024-01-12,,Bahamas Leaks,Professional relationship connecting offshore entities with individuals.
REL_00306,ENT_00422,OFF_00112,beneficiary_of,2021-06-30,,Bahamas Leaks,Professional relationship connecting offshore entities with individuals.
REL_00307,ENT_00446,OFF_00212,director_of,2022-12-03,,Bahamas Leaks,Professional relationship connecting offshore entities with individuals.
REL_00308,ENT_00301,OFF_00130,shareholder_of,2022-06-29,2024-12-31,Offshore Leaks,Professional relationship connecting offshore entities with individuals.
REL_00309,ENT_00223,OFF_00071,beneficiary_of,2017-08-14,,Bahamas Leaks,Professional relationship connecting offshore entities with individuals.
REL_00310,ENT_00086,OFF_00284,director_of,2011-12-04,,Paradise Papers,Professional relationship connecting offshore entities with individuals.
REL_00311,ENT_00466,OFF_00270,shareholder_of,2021-01-21,,Panama Papers,Professional relationship connecting offshore entities with individuals.
REL_00312,ENT_00314,OFF_00001,shareholder_of,2016-07-17,2024-07-10,Pandora Papers,Professional relationship connecting offshore entities with individuals.
REL_00313,ENT_00399,OFF_00054,shareholder_of,2011-04-21,2022-07-05,Bahamas Leaks,Professional relationship connecting offshore entities with individuals.
REL_00314,ENT_00173,OFF_00194,shareholder_of,2022-11-03,2025-01-19,Bahamas Leaks,Professional relationship connecting offshore entities with individuals.
REL_00315,ENT_00227,OFF_00264,officer_of,2016-12-09,,Bahamas Leaks,Professional relationship connecting offshore entities with individuals.
REL_00316,ENT_00276,OFF_00117,director_of,2017-02-24,2023-02-19,Offshore Leaks,Professional relationship connecting offshore entities with individuals.
REL_00317,ENT_00325,OFF_00144,beneficiary_of,2024-06-09,2022-11-15,Panama Papers,Professional relationship connecting offshore entities with individuals.
REL_00318,ENT_00456,OFF_00101,director_of,2015-06-07,,Bahamas Leaks,Professional relationship connecting offshore entities with individuals.
REL_00319,ENT_00480,OFF_00189,beneficiary_of,2020-09-07,2023-08-30,Pandora Papers,Professional relationship connecting offshore entities with individuals.
REL_00320,ENT_00289,OFF_00126,director_of,2020-11-12,,Pandora Papers,Professional relationship connecting offshore entities with individuals.
REL_00321,ENT_00127,OFF_00154,officer_of,2018-12-17,,Panama Papers,Professional relationship connecting offshore entities with individuals.
REL_00322,ENT_00459,OFF_00038,beneficiary_of,2014-04-02,2023-06-26,Bahamas Leaks,Professional relationship connecting offshore entities with individuals.
REL_00323,ENT_00435,OFF_00000,shareholder_of,2014-06-08,,Paradise Papers,Professional relationship connecting offshore entities with individuals.
REL_00324,ENT_00287,OFF_00067,officer_of,2020-06-21,,Offshore Leaks,Professional relationship connecting offshore entities with individuals.
REL_00325,ENT_00246,OFF_00237,director_of,2020-12-22,2024-06-04,Bahamas Leaks,Professional relationship connecting offshore entities with individuals.
REL_00326,ENT_00070,OFF_00232,officer_of,2015-03-10,,Paradise Papers,Professional relationship connecting offshore entities with individuals.
REL_00327,ENT_00319,OFF_00129,shareholder_of,2018-06-19,,Pandora Papers,Professional relationship connecting offshore entities with individuals.
REL_00328,ENT_00006,OFF_00245,shareholder_of,2012-05-14,,Panama Papers,Professional relationship connecting offshore entities with individuals.
REL_00329,ENT_00272,OFF_00243,officer_of,2019-07-30,2024-08-06,Pandora Papers,Professional relationship connecting offshore entities with individuals.
REL_00330,ENT_00457,OFF_00270,beneficiary_of,2013-05-25,2022-12-10,Pandora Papers,Professional relationship connecting offshore entities with individuals.
REL_00331,ENT_00010,OFF_00238,shareholder_of,2019-05-01,2022-08-29,Panama Papers,Professional relationship connecting offshore entities with individuals.
REL_00332,ENT_00220,OFF_00248,beneficiary_of,2017-02-23,2023-05-26,Panama Papers,Professional relationship connecting offshore entities with individuals.
REL_00333,ENT_00024,OFF_00077,director_of,2017-10-12,2023-01-08,Bahamas Leaks,Professional relationship connecting offshore entities with individuals.
REL_00334,ENT_00470,OFF_00108,officer_of,2016-03-04,2023-04-23,Offshore Leaks,Professional relationship connecting offshore entities with individuals.
REL_00335,ENT_00373,OFF_00109,beneficiary_of,2017-01-20,,Bahamas Leaks,Professional relationship connecting offshore entities with individuals.
REL_00336,ENT_00417,OFF_00210,beneficiary_of,2017-12-04,2025-01-31,Pandora Papers,Professional relationship connecting offshore entities with individuals.
REL_00337,ENT_00366,OFF_00142,officer_of,2020-03-25,2023-01-25,Pandora Papers,Professional relationship connecting offshore entities with individuals.
REL_00338,ENT_00261,OFF_00205,beneficiary_of,2017-11-17,2022-11-14,Panama Papers,Professional relationship connecting offshore entities with individuals.
REL_00339,ENT_00303,OFF_00229,shareholder_of,2017-04-03,,Pandora Papers,Professional relationship connecting offshore entities with individuals.
REL_00340,ENT_00464,OFF_00080,beneficiary_of,2022-02-25,,Bahamas Leaks,Professional relationship connecting offshore entities with individuals.
REL_00341,ENT_00435,OFF_00087,shareholder_of,2017-11-05,2023-07-02,Offshore Leaks,Professional relationship connecting offshore entities with individuals.
REL_00342,ENT_00128,OFF_00221,officer_of,2022-05-31,2022-12-25,Bahamas Leaks,Professional relationship connecting offshore entities with individuals.
REL_00343,ENT_00224,OFF_00163,officer_of,2022-08-09,2024-10-28,Panama Papers,Professional relationship connecting offshore entities with individuals.
REL_00344,ENT_00368,OFF_00143,shareholder_of,2023-12-04,2024-02-12,Bahamas Leaks,Professional relationship connecting offshore entities with individuals.
REL_00345,ENT_00420,OFF_00143,shareholder_of,2024-05-12,2024-03-27,Bahamas Leaks,Professional relationship connecting offshore entities with individuals.
REL_00346,ENT_00113,OFF_00292,shareholder_of,2014-10-24,,Pandora Papers,Professional relationship connecting offshore entities with individuals.
REL_00347,ENT_00008,OFF_00015,shareholder_of,2016-09-16,,Pandora Papers,Professional relationship connecting offshore entities with individuals.
REL_00348,ENT_00452,OFF_00201,beneficiary_of,2013-10-17,2022-11-22,Offshore Leaks,Professional relationship connecting offshore entities with individuals.
REL_00349,ENT_00462,OFF_00031,shareholder_of,2015-02-03,2025-01-22,Panama Papers,Professional relationship connecting offshore entities with individuals.
REL_00350,ENT_00482,OFF_00258,shareholder_of,2023-07-05,2025-06-01,Bahamas Leaks,Professional relationship connecting offshore entities with individuals.
REL_00351,ENT_00140,OFF_00068,shareholder_of,2016-02-04,,Pandora Papers,Professional relationship connecting offshore entities with individuals.
REL_00352,ENT_00303,OFF_00270,officer_of,2021-10-01,2025-02-27,Pandora Papers,Professional relationship connecting offshore entities with individuals.
REL_00353,ENT_00204,OFF_00038,shareholder_of,2015-09-23,,Pandora Papers,Professional relationship connecting offshore entities with individuals.
REL_00354,ENT_00437,OFF_00202,director_of,2015-11-19,2024-07-16,Paradise Papers,Professional relationship connecting offshore entities with individuals.
REL_00355,ENT_00096,OFF_00288,officer_of,2015-08-31,2022-10-31,Panama Papers,Professional relationship connecting offshore entities with individuals.
REL_00356,ENT_00154,OFF_00197,beneficiary_of,2018-09-17,2023-09-10,Bahamas Leaks,Professional relationship connecting offshore entities with individuals.
REL_00357,ENT_00359,OFF_00088,director_of,2014-12-19,,Bahamas Leaks,Professional relationship connecting offshore entities with individuals.
REL_00358,ENT_00008,OFF_00163,shareholder_of,2014-04-19,,Bahamas Leaks,Professional relationship connecting offshore entities with individuals.
REL_00359,ENT_00497,OFF_00175,shareholder_of,2024-04-03,2022-08-23,Offshore Leaks,Professional relationship connecting offshore entities with individuals.
REL_00360,ENT_00389,OFF_00190,beneficiary_of,2017-04-23,2025-02-28,Offshore Leaks,Professional relationship connecting offshore entities with individuals.
REL_00361,ENT_00194,OFF_00002,officer_of,2014-03-07,,Offshore Leaks,Professional relationship connecting offshore entities with individuals.
REL_00362,ENT_00359,OFF_00036,beneficiary_of,2011-05-12,,Pandora Papers,Professional relationship connecting offshore entities with individuals.
REL_00363,ENT_00365,OFF_00000,shareholder_of,2018-03-24,2023-04-06,Bahamas Leaks,Professional relationship connecting offshore entities with individuals.
REL_00364,ENT_00387,OFF_00110,officer_of,2020-03-26,,Paradise Papers,Professional relationship connecting offshore entities with individuals.
REL_00365,ENT_00147,OFF_00019,shareholder_of,2022-06-20,2023-09-11,Offshore Leaks,Professional relationship connecting offshore entities with individuals.
REL_00366,ENT_00492,OFF_00009,officer_of,2015-08-21,2024-06-13,Offshore Leaks,Professional relationship connecting offshore entities with individuals.
REL_00367,ENT_00255,OFF_00061,beneficiary_of,2022-12-20,2023-07-08,Paradise Papers,Professional relationship connecting offshore entities with individuals.
REL_00368,ENT_00129,OFF_00181,officer_of,2019-08-24,,Panama Papers,Professional relationship connecting offshore entities with individuals.
REL_00369,ENT_00046,OFF_00155,director_of,2023-06-17,,Bahamas Leaks,Professional relationship connecting offshore entities with individuals.
REL_00370,ENT_00152,OFF_00269,director_of,2019-06-18,,Offshore Leaks,Professional relationship connecting offshore entities with individuals.
REL_00371,ENT_00473,OFF_00089,director_of,2022-04-17,2022-09-21,Pandora Papers,Professional relationship connecting offshore entities with individuals.
REL_00372,ENT_00329,OFF_00133,beneficiary_of,2021-05-29,2024-04-28,Panama Papers,Professional relationship connecting offshore entities with individuals.
REL_00373,ENT_00336,OFF_00113,officer_of,2013-04-13,,Paradise Papers,Professional relationship connecting offshore entities with individuals.
REL_00374,ENT_00465,OFF_00122,beneficiary_of,2017-05-31,,Pandora Papers,Professional relationship connecting offshore entities with individuals.
REL_00375,ENT_00001,OFF_00016,officer_of,2019-07-09,2023-01-15,Offshore Leaks,Professional relationship connecting offshore entities with individuals.
REL_00376,ENT_00194,OFF_00291,beneficiary_of,2020-03-02,2024-02-15,Pandora Papers,Professional relationship connecting offshore entities with individuals.
REL_00377,ENT_00311,OFF_00230,shareholder_of,2020-07-05,2023-11-29,Paradise Papers,Professional relationship connecting offshore entities with individuals.
REL_00378,ENT_00429,OFF_00214,director_of,2019-12-07,2023-01-31,Paradise Papers,Professional relationship connecting offshore entities with individuals.
REL_00379,ENT_00077,OFF_00219,director_of,2016-08-08,,Bahamas Leaks,Professional relationship connecting offshore entities with individuals.
REL_00380,ENT_00378,OFF_00234,shareholder_of,2022-02-19,2022-12-05,Bahamas Leaks,Professional relationship connecting offshore entities with individuals.
REL_00381,ENT_00134,OFF_00115,shareholder_of,2013-09-26,,Offshore Leaks,Professional relationship connecting offshore entities with individuals.
REL_00382,ENT_00423,OFF_00277,director_of,2010-10-03,,Offshore Leaks,Professional relationship connecting offshore entities with individuals.
REL_00383,ENT_00352,OFF_00280,shareholder_of,2023-07-27,,Panama Papers,Professional relationship connecting offshore entities with individuals.
REL_00384,ENT_00436,OFF_00013,director_of,2023-07-23,2022-11-03,Offshore Leaks,Professional relationship connecting offshore entities with individuals.
REL_00385,ENT_00128,OFF_00018,beneficiary_of,2023-09-16,2024-08-28,Panama Papers,Professional relationship connecting offshore entities with individuals.
REL_00386,ENT_00244,OFF_00258,director_of,2015-04-05,,Bahamas Leaks,Professional relationship connecting offshore entities with individuals.
REL_00387,ENT_00207,OFF_00062,director_of,2018-02-02,,Panama Papers,Professional relationship connecting offshore entities with individuals.
REL_00388,ENT_00442,OFF_00181,officer_of,2023-01-28,2024-12-09,Bahamas Leaks,Professional relationship connecting offshore entities with individuals.
REL_00389,ENT_00374,OFF_00268,officer_of,2016-02-02,2023-07-15,Offshore Leaks,Professional relationship connecting offshore entities with individuals.
REL_00390,ENT_00395,OFF_00098,shareholder_of,2016-12-25,,Panama Papers,Professional relationship connecting offshore entities with individuals.
REL_00391,ENT_00490,OFF_00245,shareholder_of,2016-12-11,2024-04-21,Bahamas Leaks,Professional relationship connecting offshore entities with individuals.
REL_00392,ENT_00004,OFF_00159,officer_of,2011-04-11,,Paradise Papers,Professional relationship connecting offshore entities with individuals.
REL_00393,ENT_00273,OFF_00080,director_of,2014-06-19,2023-03-13,Offshore Leaks,Professional relationship connecting offshore entities with individuals.
REL_00394,ENT_00235,OFF_00240,director_of,2012-10-29,2025-01-21,Offshore Leaks,Professional relationship connecting offshore entities with individuals.
REL_00395,ENT_00154,OFF_00111,officer_of,2012-05-10,2024-11-18,Offshore Leaks,Professional relationship connecting offshore entities with individuals.
REL_00396,ENT_00168,OFF_00058,director_of,2017-05-06,2024-02-08,Offshore Leaks,Professional relationship connecting offshore entities with individuals.
REL_00397,ENT_00396,OFF_00026,officer_of,2013-08-19,,Bahamas Leaks,Professional relationship connecting offshore entities with individuals.
REL_00398,ENT_00365,OFF_00124,officer_of,2019-12-05,,Offshore Leaks,Professional relationship connecting offshore entities with individuals.
REL_00399,ENT_00048,OFF_00262,beneficiary_of,2018-11-14,,Bahamas Leaks,Professional relationship connecting offshore entities with individuals.
REL_00400,ENT_00219,OFF_00012,officer_of,2015-08-26,2023-04-16,Bahamas Leaks,Professional relationship connecting offshore entities with individuals.
REL_00401,ENT_00068,OFF_00270,shareholder_of,2021-02-24,,Pandora Papers,Professional relationship connecting offshore entities with individuals.
REL_00402,ENT_00266,OFF_00035,beneficiary_of,2022-10-10,,Offshore Leaks,Professional relationship connecting offshore entities with individuals.
REL_00403,ENT_00423,OFF_00005,officer_of,2013-03-06,,Bahamas Leaks,Professional relationship connecting offshore entities with individuals.
REL_00404,ENT_00132,OFF_00172,director_of,2011-10-27,,Paradise Papers,Professional relationship connecting offshore entities with individuals.
REL_00405,ENT_00115,OFF_00075,beneficiary_of,2014-12-20,,Offshore Leaks,Professional relationship connecting offshore entities with individuals.
REL_00406,ENT_00291,OFF_00161,director_of,2022-03-19,,Bahamas Leaks,Professional relationship connecting offshore entities with individuals.
REL_00407,ENT_00132,OFF_00265,director_of,2014-05-24,,Pandora Papers,Professional relationship connecting offshore entities with individuals.
REL_00408,ENT_00385,OFF_00192,director_of,2010-08-25,,Panama Papers,Professional relationship connecting offshore entities with individuals.
REL_00409,ENT_00308,OFF_00191,beneficiary_of,2016-10-26,2024-11-05,Bahamas Leaks,Professional relationship connecting offshore entities with individuals.
REL_00410,ENT_00400,OFF_00186,beneficiary_of,2020-12-13,,Pandora Papers,Professional relationship connecting offshore entities with individuals.
REL_00411,ENT_00065,OFF_00162,shareholder_of,2021-11-09,,Bahamas Leaks,Professional relationship connecting offshore entities with individuals.
REL_00412,ENT_00194,OFF_00092,beneficiary_of,2017-04-15,2024-12-27,Paradise Papers,Professional relationship connecting offshore entities with individuals.
REL_00413,ENT_00450,OFF_00267,director_of,2012-06-28,2022-08-28,Paradise Papers,Professional relationship connecting offshore entities with individuals.
REL_00414,ENT_00411,OFF_00011,shareholder_of,2014-07-07,,Pandora Papers,Professional relationship connecting offshore entities with individuals.
REL_00415,ENT_00447,OFF_00194,officer_of,2024-03-03,,Offshore Leaks,Professional relationship connecting offshore entities with individuals.
REL_00416,ENT_00326,OFF_00272,shareholder_of,2012-02-26,,Panama Papers,Professional relationship connecting offshore entities with individuals.
REL_00417,ENT_00141,OFF_00274,director_of,2019-06-06,,Paradise Papers,Professional relationship connecting offshore entities with individuals.
REL_00418,ENT_00385,OFF_00140,shareholder_of,2017-09-05,2024-11-10,Pandora Papers,Professional relationship connecting offshore entities with individuals.
REL_00419,ENT_00279,OFF_00054,director_of,2014-05-26,,Pandora Papers,Professional relationship connecting offshore entities with individuals.
REL_00420,ENT_00088,OFF_00289,beneficiary_of,2016-11-10,2022-10-31,Paradise Papers,Professional relationship connecting offshore entities with individuals.
REL_00421,ENT_00032,OFF_00216,director_of,2019-11-13,2025-01-09,Panama Papers,Professional relationship connecting offshore entities with individuals.
REL_00422,ENT_00058,OFF_00176,beneficiary_of,2017-02-23,2023-03-10,Bahamas Leaks,Professional relationship connecting offshore entities with individuals.
REL_00423,ENT_00429,OFF_00156,beneficiary_of,2016-02-10,,Bahamas Leaks,Professional relationship connecting offshore entities with individuals.
REL_00424,ENT_00298,OFF_00119,beneficiary_of,2017-01-26,,Pandora Papers,Professional relationship connecting offshore entities with individuals.
REL_00425,ENT_00265,OFF_00169,beneficiary_of,2011-06-03,2025-06-02,Offshore Leaks,Professional relationship connecting offshore entities with individuals.
REL_00426,ENT_00244,OFF_00016,beneficiary_of,2013-02-16,,Pandora Papers,Professional relationship connecting offshore entities with individuals.
REL_00427,ENT_00081,OFF_00004,director_of,2018-12-27,2022-07-13,Panama Papers,Professional relationship connecting offshore entities with individuals.
REL_00428,ENT_00204,OFF_00236,shareholder_of,2012-10-24,,Pandora Papers,Professional relationship connecting offshore entities with individuals.
REL_00429,ENT_00159,OFF_00090,officer_of,2011-10-05,,Panama Papers,Professional relationship connecting offshore entities with individuals.
REL_00430,ENT_00191,OFF_00093,director_of,2015-10-22,,Bahamas Leaks,Professional relationship connecting offshore entities with individuals.
REL_00431,ENT_00054,OFF_00273,officer_of,2022-01-09,,Bahamas Leaks,Professional relationship connecting offshore entities with individuals.
REL_00432,ENT_00359,OFF_00288,officer_of,2010-11-22,,Bahamas Leaks,Professional relationship connecting offshore entities with individuals.
REL_00433,ENT_00044,OFF_00170,shareholder_of,2011-11-27,,Paradise Papers,Professional relationship connecting offshore entities with individuals.
REL_00434,ENT_00141,OFF_00059,officer_of,2023-12-24,2025-02-25,Bahamas Leaks,Professional relationship connecting offshore entities with individuals.
REL_00435,ENT_00409,OFF_00142,shareholder_of,2019-04-28,,Offshore Leaks,Professional relationship connecting offshore entities with individuals.
REL_00436,ENT_00140,OFF_00205,shareholder_of,2021-11-28,,Pandora Papers,Professional relationship connecting offshore entities with individuals.
REL_00437,ENT_00314,OFF_00031,officer_of,2019-05-13,,Offshore Leaks,Professional relationship connecting offshore entities with individuals.
REL_00438,ENT_00005,OFF_00024,officer_of,2020-10-16,2024-06-20,Offshore Leaks,Professional relationship connecting offshore entities with individuals.
REL_00439,ENT_00427,OFF_00144,shareholder_of,2019-02-26,,Pandora Papers,Professional relationship connecting offshore entities with individuals.
REL_00440,ENT_00474,OFF_00016,officer_of,2013-09-25,2023-09-06,Bahamas Leaks,Professional relationship connecting offshore entities with individuals.
REL_00441,ENT_00300,OFF_00086,beneficiary_of,2010-12-05,2023-02-22,Panama Papers,Professional relationship connecting offshore entities with individuals.
REL_00442,ENT_00283,OFF_00025,officer_of,2020-07-27,,Pandora Papers,Professional relationship connecting offshore entities with individuals.
REL_00443,ENT_00297,OFF_00145,shareholder_of,2013-08-29,2024-11-28,Paradise Papers,Professional relationship connecting offshore entities with individuals.
REL_00444,ENT_00191,OFF_00165,shareholder_of,2021-04-04,2023-02-12,Paradise Papers,Professional relationship connecting offshore entities with individuals.
REL_00445,ENT_00107,OFF_00144,beneficiary_of,2018-11-08,2024-06-02,Panama Papers,Professional relationship connecting offshore entities with individuals.
REL_00446,ENT_00063,OFF_00043,beneficiary_of,2021-06-16,,Pandora Papers,Professional relationship connecting offshore entities with individuals.
REL_00447,ENT_00276,OFF_00253,shareholder_of,2011-04-18,2023-06-20,Bahamas Leaks,Professional relationship connecting offshore entities with individuals.
REL_00448,ENT_00318,OFF_00009,officer_of,2015-02-06,,Panama Papers,Professional relationship connecting offshore entities with individuals.
REL_00449,ENT_00186,OFF_00262,officer_of,2016-02-28,2025-03-10,Offshore Leaks,Professional relationship connecting offshore entities with individuals.
REL_00450,ENT_00461,OFF_00115,beneficiary_of,2018-05-26,2023-08-05,Pandora Papers,Professional relationship connecting offshore entities with individuals.
REL_00451,ENT_00413,OFF_00214,officer_of,2023-10-18,,Panama Papers,Professional relationship connecting offshore entities with individuals.
REL_00452,ENT_00028,OFF_00298,officer_of,2011-03-04,2023-02-19,Bahamas Leaks,Professional relationship connecting offshore entities with individuals.
REL_00453,ENT_00129,OFF_00274,shareholder_of,2014-10-03,2022-07-16,Pandora Papers,Professional relationship connecting offshore entities with individuals.
REL_00454,ENT_00404,OFF_00087,officer_of,2015-07-30,2024-10-17,Panama Papers,Professional relationship connecting offshore entities with individuals.
REL_00455,ENT_00033,OFF_00249,officer_of,2018-03-15,,Pandora Papers,Professional relationship connecting offshore entities with individuals.
REL_00456,ENT_00335,OFF_00035,officer_of,2017-11-04,,Bahamas Leaks,Professional relationship connecting offshore entities with individuals.
REL_00457,ENT_00127,OFF_00006,officer_of,2016-11-07,,Pandora Papers,Professional relationship connecting offshore entities with individuals.
REL_00458,ENT_00042,OFF_00019,shareholder_of,2011-03-22,2023-08-27,Paradise Papers,Professional relationship connecting offshore entities with individuals.
REL_00459,ENT_00071,OFF_00077,director_of,2013-07-04,2023-03-08,Paradise Papers,Professional relationship connecting offshore entities with individuals.
REL_00460,ENT_00183,OFF_00133,officer_of,2018-07-30,2023-10-07,Bahamas Leaks,Professional relationship connecting offshore entities with individuals.
REL_00461,ENT_00096,OFF_00049,shareholder_of,2014-04-17,2024-05-13,Panama Papers,Professional relationship connecting offshore entities with individuals.
REL_00462,ENT_00412,OFF_00270,director_of,2022-09-30,2025-04-13,Bahamas Leaks,Professional relationship connecting offshore entities with individuals.
REL_00463,ENT_00418,OFF_00004,shareholder_of,2014-07-29,2025-05-13,Offshore Leaks,Professional relationship connecting offshore entities with individuals.
REL_00464,ENT_00294,OFF_00085,director_of,2013-06-06,2023-04-22,Pandora Papers,Professional relationship connecting offshore entities with individuals.
REL_00465,ENT_00277,OFF_00018,director_of,2013-06-04,,Panama Papers,Professional relationship connecting offshore entities with individuals.
REL_00466,ENT_00453,OFF_00076,beneficiary_of,2010-08-18,2024-05-23,Offshore Leaks,Professional relationship connecting offshore entities with individuals.
REL_00467,ENT_00110,OFF_00020,shareholder_of,2022-01-19,2024-11-09,Panama Papers,Professional relationship connecting offshore entities with individuals.
REL_00468,ENT_00104,OFF_00174,officer_of,2020-07-16,2024-10-30,Offshore Leaks,Professional relationship connecting offshore entities with individuals.
REL_00469,ENT_00178,OFF_00258,officer_of,2021-01-11,,Panama Papers,Professional relationship connecting offshore entities with individuals.
REL_00470,ENT_00472,OFF_00208,shareholder_of,2018-05-20,2022-09-14,Paradise Papers,Professional relationship connecting offshore entities with individuals.
REL_00471,ENT_00455,OFF_00199,director_of,2013-06-08,,Bahamas Leaks,Professional relationship connecting offshore entities with individuals.
REL_00472,ENT_00208,OFF_00143,shareholder_of,2016-01-26,2022-11-03,Offshore Leaks,Professional relationship connecting offshore entities with individuals.
REL_00473,ENT_00263,OFF_00136,shareholder_of,2021-01-26,,Panama Papers,Professional relationship connecting offshore entities with individuals.
REL_00474,ENT_00027,OFF_00045,director_of,2014-08-12,2025-01-17,Panama Papers,Professional relationship connecting offshore entities with individuals.
REL_00475,ENT_00006,OFF_00063,beneficiary_of,2015-08-21,2022-12-11,Pandora Papers,Professional relationship connecting offshore entities with individuals.
REL_00476,ENT_00482,OFF_00231,shareholder_of,2014-08-18,2025-06-13,Bahamas Leaks,Professional relationship connecting offshore entities with individuals.
REL_00477,ENT_00133,OFF_00009,shareholder_of,2023-12-16,2024-10-06,Offshore Leaks,Professional relationship connecting offshore entities with individuals.
REL_00478,ENT_00484,OFF_00254,beneficiary_of,2015-11-24,,Pandora Papers,Professional relationship connecting offshore entities with individuals.
REL_00479,ENT_00327,OFF_00185,director_of,2012-09-15,,Bahamas Leaks,Professional relationship connecting offshore entities with individuals.
REL_00480,ENT_00253,OFF_00264,beneficiary_of,2013-10-24,,Pandora Papers,Professional relationship connecting offshore entities with individuals.
REL_00481,ENT_00035,OFF_00055,director_of,2014-07-30,2024-08-22,Offshore Leaks,Professional relationship connecting offshore entities with individuals.
REL_00482,ENT_00192,OFF_00027,officer_of,2022-07-15,2025-05-31,Offshore Leaks,Professional relationship connecting offshore entities with individuals.
REL_00483,ENT_00348,OFF_00291,beneficiary_of,2012-06-29,2023-02-07,Bahamas Leaks,Professional relationship connecting offshore entities with individuals.
REL_00484,ENT_00093,OFF_00043,shareholder_of,2012-03-23,,Bahamas Leaks,Professional relationship connecting offshore entities with individuals.
REL_00485,ENT_00182,OFF_00212,beneficiary_of,2018-12-16,,Pandora Papers,Professional relationship connecting offshore entities with individuals.
REL_00486,ENT_00041,OFF_00021,officer_of,2021-03-06,,Bahamas Leaks,Professional relationship connecting offshore entities with individuals.
REL_00487,ENT_00362,OFF_00278,officer_of,2017-09-09,2024-01-02,Offshore Leaks,Professional relationship connecting offshore entities with individuals.
REL_00488,ENT_00135,OFF_00116,director_of,2010-08-07,2024-10-15,Bahamas Leaks,Professional relationship connecting offshore entities with individuals.
REL_00489,ENT_00280,OFF_00275,director_of,2017-05-18,2025-06-09,Paradise Papers,Professional relationship connecting offshore entities with individuals.
REL_00490,ENT_00177,OFF_00181,shareholder_of,2020-02-18,,Panama Papers,Professional relationship connecting offshore entities with individuals.
REL_00491,ENT_00366,OFF_00091,beneficiary_of,2013-07-15,,Offshore Leaks,Professional relationship connecting offshore entities with individuals.
REL_00492,ENT_00462,OFF_00093,shareholder_of,2013-11-01,2023-01-17,Offshore Leaks,Professional relationship connecting offshore entities with individuals.
REL_00493,ENT_00171,OFF_00031,director_of,2017-03-01,,Pandora Papers,Professional relationship connecting offshore entities with individuals.
REL_00494,ENT_00022,OFF_00229,officer_of,2017-11-11,2025-02-17,Offshore Leaks,Professional relationship connecting offshore entities with individuals.
REL_00495,ENT_00473,OFF_00252,shareholder_of,2011-01-30,,Panama Papers,Professional relationship connecting offshore entities with individuals.
REL_00496,ENT_00284,OFF_00048,director_of,2014-01-30,2024-12-24,Paradise Papers,Professional relationship connecting offshore entities with individuals.
REL_00497,ENT_00165,OFF_00210,officer_of,2021-10-09,,Bahamas Leaks,Professional relationship connecting offshore entities with individuals.
REL_00498,ENT_00434,OFF_00244,director_of,2020-08-17,,Pandora Papers,Professional relationship connecting offshore entities with individuals.
REL_00499,ENT_00302,OFF_00153,officer_of,2017-08-09,,Pandora Papers,Professional relationship connecting offshore entities with individuals.
REL_00500,ENT_00020,OFF_00281,officer_of,2017-04-07,2025-04-29,Bahamas Leaks,Professional relationship connecting offshore entities with individuals.
REL_00501,ENT_00253,OFF_00007,beneficiary_of,2024-01-16,2024-10-27,Bahamas Leaks,Professional relationship connecting offshore entities with individuals.
REL_00502,ENT_00437,OFF_00117,shareholder_of,2020-07-31,,Offshore Leaks,Professional relationship connecting offshore entities with individuals.
REL_00503,ENT_00219,OFF_00116,director_of,2020-07-18,2022-10-01,Pandora Papers,Professional relationship connecting offshore entities with individuals.
REL_00504,ENT_00196,OFF_00096,director_of,2021-12-08,2024-07-06,Offshore Leaks,Professional relationship connecting offshore entities with individuals.
REL_00505,ENT_00451,OFF_00287,shareholder_of,2023-07-17,,Bahamas Leaks,Professional relationship connecting offshore entities with individuals.
REL_00506,ENT_00083,OFF_00122,officer_of,2023-11-20,,Bahamas Leaks,Professional relationship connecting offshore entities with individuals.
REL_00507,ENT_00033,OFF_00226,shareholder_of,2024-01-19,2022-12-21,Bahamas Leaks,Professional relationship connecting offshore entities with individuals.
REL_00508,ENT_00331,OFF_00084,officer_of,2019-02-18,,Bahamas Leaks,Professional relationship connecting offshore entities with individuals.
REL_00509,ENT_00333,OFF_00100,officer_of,2017-05-23,,Offshore Leaks,Professional relationship connecting offshore entities with individuals.
REL_00510,ENT_00295,OFF_00147,director_of,2014-01-05,,Pandora Papers,Professional relationship connecting offshore entities with individuals.
REL_00511,ENT_00317,OFF_00042,shareholder_of,2020-11-13,,Panama Papers,Professional relationship connecting offshore entities with individuals.
REL_00512,ENT_00102,OFF_00226,beneficiary_of,2016-06-06,,Panama Papers,Professional relationship connecting offshore entities with individuals.
REL_00513,ENT_00108,OFF_00202,officer_of,2022-01-11,,Offshore Leaks,Professional relationship connecting offshore entities with individuals.
REL_00514,ENT_00315,OFF_00093,director_of,2016-11-13,2022-09-22,Offshore Leaks,Professional relationship connecting offshore entities with individuals.
REL_00515,ENT_00024,OFF_00268,officer_of,2018-10-30,2023-09-26,Offshore Leaks,Professional relationship connecting offshore entities with individuals.
REL_00516,ENT_00033,OFF_00198,shareholder_of,2023-11-18,2022-12-20,Offshore Leaks,Professional relationship connecting offshore entities with individuals.
REL_00517,ENT_00340,OFF_00155,shareholder_of,2024-06-05,2025-05-25,Bahamas Leaks,Professional relationship connecting offshore entities with individuals.
REL_00518,ENT_00381,OFF_00160,beneficiary_of,2022-09-02,2022-09-14,Paradise Papers,Professional relationship connecting offshore entities with individuals.
REL_00519,ENT_00123,OFF_00181,beneficiary_of,2020-01-29,2023-02-12,Paradise Papers,Professional relationship connecting offshore entities with individuals.
REL_00520,ENT_00138,OFF_00029,officer_of,2022-09-29,2025-05-04,Bahamas Leaks,Professional relationship connecting offshore entities with individuals.
REL_00521,ENT_00020,OFF_00092,beneficiary_of,2015-05-09,,Bahamas Leaks,Professional relationship connecting offshore entities with individuals.
REL_00522,ENT_00420,OFF_00075,beneficiary_of,2015-08-22,,Pandora Papers,Professional relationship connecting offshore entities with individuals.
REL_00523,ENT_00286,OFF_00203,shareholder_of,2021-03-11,,Offshore Leaks,Professional relationship connecting offshore entities with individuals.
REL_00524,ENT_00027,OFF_00255,shareholder_of,2023-05-23,2022-07-28,Bahamas Leaks,Professional relationship connecting offshore entities with individuals.
REL_00525,ENT_00146,OFF_00135,director_of,2022-03-26,,Pandora Papers,Professional relationship connecting offshore entities with individuals.
REL_00526,ENT_00487,OFF_00092,officer_of,2013-06-17,2023-06-24,Pandora Papers,Professional relationship connecting offshore entities with individuals.
REL_00527,ENT_00159,OFF_00199,beneficiary_of,2021-09-06,,Paradise Papers,Professional relationship connecting offshore entities with individuals.
REL_00528,ENT_00458,OFF_00267,director_of,2012-06-05,,Panama Papers,Professional relationship connecting offshore entities with individuals.
REL_00529,ENT_00112,OFF_00115,shareholder_of,2023-07-11,,Paradise Papers,Professional relationship connecting offshore entities with individuals.
REL_00530,ENT_00147,OFF_00061,director_of,2018-06-27,2025-01-16,Pandora Papers,Professional relationship connecting offshore entities with individuals.
REL_00531,ENT_00253,OFF_00066,director_of,2023-12-13,,Panama Papers,Professional relationship connecting offshore entities with individuals.
REL_00532,ENT_00129,OFF_00194,director_of,2015-07-11,,Paradise Papers,Professional relationship connecting offshore entities with individuals.
REL_00533,ENT_00232,OFF_00173,beneficiary_of,2024-03-05,,Offshore Leaks,Professional relationship connecting offshore entities with individuals.
REL_00534,ENT_00039,OFF_00222,director_of,2016-04-25,2022-10-16,Paradise Papers,Professional relationship connecting offshore entities with individuals.
REL_00535,ENT_00066,OFF_00114,officer_of,2014-07-17,,Offshore Leaks,Professional relationship connecting offshore entities with individuals.
REL_00536,ENT_00415,OFF_00020,beneficiary_of,2014-01-27,2023-08-26,Panama Papers,Professional relationship connecting offshore entities with individuals.
REL_00537,ENT_00368,OFF_00273,shareholder_of,2019-04-15,,Panama Papers,Professional relationship connecting offshore entities with individuals.
REL_00538,ENT_00015,OFF_00033,shareholder_of,2018-04-12,2022-10-06,Offshore Leaks,Professional relationship connecting offshore entities with individuals.
REL_00539,ENT_00085,OFF_00105,director_of,2020-10-22,2022-10-16,Panama Papers,Professional relationship connecting offshore entities with individuals.
REL_00540,ENT_00366,OFF_00293,director_of,2016-08-04,,Paradise Papers,Professional relationship connecting offshore entities with individuals.
REL_00541,ENT_00063,OFF_00205,beneficiary_of,2016-01-30,2024-02-26,Paradise Papers,Professional relationship connecting offshore entities with individuals.
REL_00542,ENT_00113,OFF_00067,beneficiary_of,2011-04-30,,Paradise Papers,Professional relationship connecting offshore entities with individuals.
REL_00543,ENT_00023,OFF_00005,beneficiary_of,2023-08-03,,Bahamas Leaks,Professional relationship connecting offshore entities with individuals.
REL_00544,ENT_00270,OFF_00236,beneficiary_of,2011-06-02,2025-02-22,Bahamas Leaks,Professional relationship connecting offshore entities with individuals.
REL_00545,ENT_00378,OFF_00113,officer_of,2022-10-27,2023-08-31,Paradise Papers,Professional relationship connecting offshore entities with individuals.
REL_00546,ENT_00092,OFF_00037,director_of,2017-11-27,,Offshore Leaks,Professional relationship connecting offshore entities with individuals.
REL_00547,ENT_00470,OFF_00082,shareholder_of,2020-04-26,2022-08-15,Pandora Papers,Professional relationship connecting offshore entities with individuals.
REL_00548,ENT_00486,OFF_00085,beneficiary_of,2010-09-13,2022-11-22,Panama Papers,Professional relationship connecting offshore entities with individuals.
REL_00549,ENT_00288,OFF_00099,director_of,2023-05-31,,Offshore Leaks,Professional relationship connecting offshore entities with individuals.
REL_00550,ENT_00000,OFF_00209,beneficiary_of,2012-12-18,,Paradise Papers,Professional relationship connecting offshore entities with individuals.
REL_00551,ENT_00308,OFF_00159,director_of,2012-01-29,2023-12-27,Offshore Leaks,Professional relationship connecting offshore entities with individuals.
REL_00552,ENT_00264,OFF_00230,beneficiary_of,2022-03-23,,Pandora Papers,Professional relationship connecting offshore entities with individuals.
REL_00553,ENT_00163,OFF_00268,director_of,2021-08-02,2024-03-29,Panama Papers,Professional relationship connecting offshore entities with individuals.
REL_00554,ENT_00052,OFF_00247,officer_of,2011-08-26,2023-03-29,Pandora Papers,Professional relationship connecting offshore entities with individuals.
REL_00555,ENT_00285,OFF_00113,director_of,2017-11-17,2022-10-13,Pandora Papers,Professional relationship connecting offshore entities with individuals.
REL_00556,ENT_00161,OFF_00219,shareholder_of,2019-07-22,,Pandora Papers,Professional relationship connecting offshore entities with individuals.
REL_00557,ENT_00457,OFF_00011,officer_of,2022-10-22,2023-12-31,Offshore Leaks,Professional relationship connecting offshore entities with individuals.
REL_00558,ENT_00234,OFF_00117,director_of,2014-05-04,,Panama Papers,Professional relationship connecting offshore entities with individuals.
REL_00559,ENT_00310,OFF_00106,director_of,2022-08-11,2024-05-01,Pandora Papers,Professional relationship connecting offshore entities with individuals.
REL_00560,ENT_00405,OFF_00046,director_of,2019-01-28,,Offshore Leaks,Professional relationship connecting offshore entities with individuals.
REL_00561,ENT_00108,OFF_00194,shareholder_of,2023-02-08,2025-05-19,Panama Papers,Professional relationship connecting offshore entities with individuals.
REL_00562,ENT_00062,OFF_00229,director_of,2019-03-17,2024-12-04,Offshore Leaks,Professional relationship connecting offshore entities with individuals.
REL_00563,ENT_00451,OFF_00133,beneficiary_of,2023-04-03,2022-10-19,Pandora Papers,Professional relationship connecting offshore entities with individuals.
REL_00564,ENT_00335,OFF_00211,director_of,2017-12-28,,Bahamas Leaks,Professional relationship connecting offshore entities with individuals.
REL_00565,ENT_00066,OFF_00169,director_of,2011-05-02,,Panama Papers,Professional relationship connecting offshore entities with individuals.
REL_00566,ENT_00291,OFF_00190,shareholder_of,2018-06-12,,Pandora Papers,Professional relationship connecting offshore entities with individuals.
REL_00567,ENT_00242,OFF_00250,beneficiary_of,2014-03-29,2024-06-13,Panama Papers,Professional relationship connecting offshore entities with individuals.
REL_00568,ENT_00478,OFF_00181,beneficiary_of,2012-04-06,,Panama Papers,Professional relationship connecting offshore entities with individuals.
REL_00569,ENT_00426,OFF_00286,director_of,2015-01-11,2023-03-14,Pandora Papers,Professional relationship connecting offshore entities with individuals.
REL_00570,ENT_00170,OFF_00277,beneficiary_of,2022-09-01,,Pandora Papers,Professional relationship connecting offshore entities with individuals.
REL_00571,ENT_00405,OFF_00204,shareholder_of,2020-12-14,,Bahamas Leaks,Professional relationship connecting offshore entities with individuals.
REL_00572,ENT_00337,OFF_00213,officer_of,2014-11-05,2024-06-04,Paradise Papers,Professional relationship connecting offshore entities with individuals.
REL_00573,ENT_00216,OFF_00019,director_of,2018-06-27,2025-05-17,Paradise Papers,Professional relationship connecting offshore entities with individuals.
REL_00574,ENT_00077,OFF_00131,shareholder_of,2022-01-02,2024-06-24,Panama Papers,Professional relationship connecting offshore entities with individuals.
REL_00575,ENT_00277,OFF_00034,director_of,2014-12-21,2023-04-12,Pandora Papers,Professional relationship connecting offshore entities with individuals.
REL_00576,ENT_00288,OFF_00083,officer_of,2016-07-13,2024-12-14,Bahamas Leaks,Professional relationship connecting offshore entities with individuals.
REL_00577,ENT_00453,OFF_00060,director_of,2017-09-18,2023-10-01,Paradise Papers,Professional relationship connecting offshore entities with individuals.
REL_00578,ENT_00402,OFF_00070,beneficiary_of,2018-02-20,,Panama Papers,Professional relationship connecting offshore entities with individuals.
REL_00579,ENT_00384,OFF_00055,director_of,2014-11-27,2023-12-23,Paradise Papers,Professional relationship connecting offshore entities with individuals.
REL_00580,ENT_00490,OFF_00029,shareholder_of,2018-10-28,2024-08-28,Bahamas Leaks,Professional relationship connecting offshore entities with individuals.
REL_00581,ENT_00004,OFF_00065,beneficiary_of,2022-05-22,2023-05-09,Pandora Papers,Professional relationship connecting offshore entities with individuals.
REL_00582,ENT_00471,OFF_00118,shareholder_of,2020-04-11,2023-12-09,Panama Papers,Professional relationship connecting offshore entities with individuals.
REL_00583,ENT_00286,OFF_00130,shareholder_of,2022-07-28,,Panama Papers,Professional relationship connecting offshore entities with individuals.
REL_00584,ENT_00342,OFF_00195,officer_of,2015-07-08,,Pandora Papers,Professional relationship connecting offshore entities with individuals.
REL_00585,ENT_00274,OFF_00001,shareholder_of,2015-12-30,,Pandora Papers,Professional relationship connecting offshore entities with individuals.
REL_00586,ENT_00444,OFF_00111,officer_of,2016-05-29,,Pandora Papers,Professional relationship connecting offshore entities with individuals.
REL_00587,ENT_00144,OFF_00270,director_of,2022-01-30,2024-05-03,Panama Papers,Professional relationship connecting offshore entities with individuals.
REL_00588,ENT_00093,OFF_00252,beneficiary_of,2013-08-11,2022-11-10,Pandora Papers,Professional relationship connecting offshore entities with individuals.
REL_00589,ENT_00082,OFF_00164,officer_of,2020-02-11,2024-01-25,Offshore Leaks,Professional relationship connecting offshore entities with individuals.
REL_00590,ENT_00415,OFF_00085,shareholder_of,2015-11-13,2023-05-01,Pandora Papers,Professional relationship connecting offshore entities with individuals.
REL_00591,ENT_00353,OFF_00187,officer_of,2017-12-28,2023-01-17,Paradise Papers,Professional relationship connecting offshore entities with individuals.
REL_00592,ENT_00311,OFF_00255,beneficiary_of,2010-11-23,2023-04-26,Pandora Papers,Professional relationship connecting offshore entities with individuals.
REL_00593,ENT_00358,OFF_00244,director_of,2015-06-13,2022-09-09,Bahamas Leaks,Professional relationship connecting offshore entities with individuals.
REL_00594,ENT_00262,OFF_00083,beneficiary_of,2010-11-10,2023-10-19,Offshore Leaks,Professional relationship connecting offshore entities with individuals.
REL_00595,ENT_00044,OFF_00266,shareholder_of,2018-08-31,,Paradise Papers,Professional relationship connecting offshore entities with individuals.
REL_00596,ENT_00334,OFF_00144,director_of,2020-12-07,2023-10-28,Paradise Papers,Professional relationship connecting offshore entities with individuals.
REL_00597,ENT_00222,OFF_00003,beneficiary_of,2017-11-18,,Bahamas Leaks,Professional relationship connecting offshore entities with individuals.
REL_00598,ENT_00086,OFF_00012,director_of,2016-03-14,2022-12-16,Offshore Leaks,Professional relationship connecting offshore entities with individuals.
REL_00599,ENT_00004,OFF_00107,officer_of,2023-01-29,,Panama Papers,Professional relationship connecting offshore entities with individuals.
REL_00600,ENT_00362,OFF_00275,shareholder_of,2016-04-22,2022-11-12,Paradise Papers,Professional relationship connecting offshore entities with individuals.
REL_00601,ENT_00284,OFF_00043,beneficiary_of,2012-04-11,2022-09-29,Offshore Leaks,Professional relationship connecting offshore entities with individuals.
REL_00602,ENT_00420,OFF_00020,beneficiary_of,2012-03-06,2025-02-22,Paradise Papers,Professional relationship connecting offshore entities with individuals.
REL_00603,ENT_00273,OFF_00223,officer_of,2016-10-28,,Panama Papers,Professional relationship connecting offshore entities with individuals.
REL_00604,ENT_00261,OFF_00000,director_of,2014-08-14,,Panama Papers,Professional relationship connecting offshore entities with individuals.
REL_00605,ENT_00205,OFF_00225,shareholder_of,2015-05-19,2025-04-21,Bahamas Leaks,Professional relationship connecting offshore entities with individuals.
REL_00606,ENT_00364,OFF_00143,shareholder_of,2010-08-19,,Offshore Leaks,Professional relationship connecting offshore entities with individuals.
REL_00607,ENT_00324,OFF_00144,shareholder_of,2010-10-08,2023-09-03,Panama Papers,Professional relationship connecting offshore entities with individuals.
REL_00608,ENT_00052,OFF_00117,director_of,2015-05-03,,Offshore Leaks,Professional relationship connecting offshore entities with individuals.
REL_00609,ENT_00077,OFF_00241,director_of,2023-10-10,,Bahamas Leaks,Professional relationship connecting offshore entities with individuals.
REL_00610,ENT_00419,OFF_00093,shareholder_of,2013-02-25,,Pandora Papers,Professional relationship connecting offshore entities with individuals.
REL_00611,ENT_00415,OFF_00128,beneficiary_of,2011-02-10,,Pandora Papers,Professional relationship connecting offshore entities with individuals.
REL_00612,ENT_00218,OFF_00236,shareholder_of,2022-01-16,,Offshore Leaks,Professional relationship connecting offshore entities with individuals.
REL_00613,ENT_00454,OFF_00223,shareholder_of,2019-06-11,,Panama Papers,Professional relationship connecting offshore entities with individuals.
REL_00614,ENT_00117,OFF_00040,shareholder_of,2018-12-14,2023-03-15,Bahamas Leaks,Professional relationship connecting offshore entities with individuals.
REL_00615,ENT_00065,OFF_00294,beneficiary_of,2023-08-16,,Offshore Leaks,Professional relationship connecting offshore entities with individuals.
REL_00616,ENT_00197,OFF_00230,shareholder_of,2019-11-17,2022-11-27,Offshore Leaks,Professional relationship connecting offshore entities with individuals.
REL_00617,ENT_00003,OFF_00214,officer_of,2015-07-10,,Paradise Papers,Professional relationship connecting offshore entities with individuals.
REL_00618,ENT_00131,OFF_00065,shareholder_of,2011-12-22,,Pandora Papers,Professional relationship connecting offshore entities with individuals.
REL_00619,ENT_00083,OFF_00063,beneficiary_of,2017-08-25,,Offshore Leaks,Professional relationship connecting offshore entities with individuals.
REL_00620,ENT_00463,OFF_00053,beneficiary_of,2013-02-23,2023-08-20,Bahamas Leaks,Professional relationship connecting offshore entities with individuals.
REL_00621,ENT_00098,OFF_00164,director_of,2023-01-17,2024-02-23,Panama Papers,Professional relationship connecting offshore entities with individuals.
REL_00622,ENT_00438,OFF_00107,shareholder_of,2022-01-31,2025-01-28,Offshore Leaks,Professional relationship connecting offshore entities with individuals.
REL_00623,ENT_00210,OFF_00087,director_of,2019-06-12,,Panama Papers,Professional relationship connecting offshore entities with individuals.
REL_00624,ENT_00178,OFF_00090,beneficiary_of,2010-10-30,2022-08-11,Paradise Papers,Professional relationship connecting offshore entities with individuals.
REL_00625,ENT_00155,OFF_00001,beneficiary_of,2019-09-30,,Offshore Leaks,Professional relationship connecting offshore entities with individuals.
REL_00626,ENT_00154,OFF_00143,shareholder_of,2019-07-14,2023-06-13,Pandora Papers,Professional relationship connecting offshore entities with individuals.
REL_00627,ENT_00115,OFF_00229,beneficiary_of,2014-03-13,2025-05-25,Offshore Leaks,Professional relationship connecting offshore entities with individuals.
REL_00628,ENT_00095,OFF_00209,director_of,2014-09-15,,Offshore Leaks,Professional relationship connecting offshore entities with individuals.
REL_00629,ENT_00423,OFF_00252,beneficiary_of,2023-03-19,2025-06-26,Offshore Leaks,Professional relationship connecting offshore entities with individuals.
REL_00630,ENT_00202,OFF_00286,shareholder_of,2012-01-14,2022-08-23,Paradise Papers,Professional relationship connecting offshore entities with individuals.
REL_00631,ENT_00021,OFF_00155,officer_of,2010-10-23,,Bahamas Leaks,Professional relationship connecting offshore entities with individuals.
REL_00632,ENT_00261,OFF_00176,officer_of,2019-02-12,,Offshore Leaks,Professional relationship connecting offshore entities with individuals.
REL_00633,ENT_00408,OFF_00239,officer_of,2021-03-06,2024-03-31,Pandora Papers,Professional relationship connecting offshore entities with individuals.
REL_00634,ENT_00254,OFF_00045,shareholder_of,2011-04-28,,Pandora Papers,Professional relationship connecting offshore entities with individuals.
REL_00635,ENT_00203,OFF_00080,beneficiary_of,2021-01-12,2023-09-19,Panama Papers,Professional relationship connecting offshore entities with individuals.
REL_00636,ENT_00082,OFF_00212,officer_of,2024-03-10,,Panama Papers,Professional relationship connecting offshore entities with individuals.
REL_00637,ENT_00315,OFF_00287,officer_of,2014-10-04,,Pandora Papers,Professional relationship connecting offshore entities with individuals.
REL_00638,ENT_00191,OFF_00023,officer_of,2021-10-04,2024-08-10,Bahamas Leaks,Professional relationship connecting offshore entities with individuals.
REL_00639,ENT_00233,OFF_00065,director_of,2022-06-06,2023-05-20,Panama Papers,Professional relationship connecting offshore entities with individuals.
REL_00640,ENT_00161,OFF_00288,director_of,2013-06-03,2024-04-06,Bahamas Leaks,Professional relationship connecting offshore entities with individuals.
REL_00641,ENT_00126,OFF_00150,director_of,2013-08-28,,Panama Papers,Professional relationship connecting offshore entities with individuals.
REL_00642,ENT_00096,OFF_00294,officer_of,2024-04-26,,Pandora Papers,Professional relationship connecting offshore entities with individuals.
REL_00643,ENT_00412,OFF_00278,shareholder_of,2011-09-03,2023-09-06,Paradise Papers,Professional relationship connecting offshore entities with individuals.
REL_00644,ENT_00131,OFF_00150,director_of,2013-06-24,2024-11-03,Offshore Leaks,Professional relationship connecting offshore entities with individuals.
REL_00645,ENT_00362,OFF_00289,director_of,2021-04-05,2023-09-04,Pandora Papers,Professional relationship connecting offshore entities with individuals.
REL_00646,ENT_00182,OFF_00229,director_of,2011-10-25,2024-10-20,Pandora Papers,Professional relationship connecting offshore entities with individuals.
REL_00647,ENT_00133,OFF_00282,director_of,2012-05-18,,Offshore Leaks,Professional relationship connecting offshore entities with individuals.
REL_00648,ENT_00008,OFF_00117,director_of,2014-01-31,2025-06-06,Paradise Papers,Professional relationship connecting offshore entities with individuals.
REL_00649,ENT_00283,OFF_00253,beneficiary_of,2018-01-31,2022-11-22,Pandora Papers,Professional relationship connecting offshore entities with individuals.
REL_00650,ENT_00375,OFF_00216,shareholder_of,2013-03-22,2023-08-29,Offshore Leaks,Professional relationship connecting offshore entities with individuals.
REL_00651,ENT_00345,OFF_00232,director_of,2013-03-21,,Panama Papers,Professional relationship connecting offshore entities with individuals.
REL_00652,ENT_00048,OFF_00239,shareholder_of,2014-10-05,,Bahamas Leaks,Professional relationship connecting offshore entities with individuals.
REL_00653,ENT_00406,OFF_00005,officer_of,2011-08-18,,Panama Papers,Professional relationship connecting offshore entities with individuals.
REL_00654,ENT_00028,OFF_00072,director_of,2022-07-23,,Bahamas Leaks,Professional relationship connecting offshore entities with individuals.
REL_00655,ENT_00354,OFF_00267,director_of,2014-04-15,,Paradise Papers,Professional relationship connecting offshore entities with individuals.
REL_00656,ENT_00041,OFF_00293,beneficiary_of,2017-05-11,,Paradise Papers,Professional relationship connecting offshore entities with individuals.
REL_00657,ENT_00339,OFF_00146,shareholder_of,2023-01-13,,Paradise Papers,Professional relationship connecting offshore entities with individuals.
REL_00658,ENT_00032,OFF_00205,beneficiary_of,2014-08-05,2023-12-29,Bahamas Leaks,Professional relationship connecting offshore entities with individuals.
REL_00659,ENT_00456,OFF_00011,director_of,2022-03-17,2024-08-24,Bahamas Leaks,Professional relationship connecting offshore entities with individuals.
REL_00660,ENT_00407,OFF_00014,officer_of,2015-01-21,,Pandora Papers,Professional relationship connecting offshore entities with individuals.
REL_00661,ENT_00348,OFF_00262,director_of,2018-04-10,2024-09-21,Panama Papers,Professional relationship connecting offshore entities with individuals.
REL_00662,ENT_00180,OFF_00136,beneficiary_of,2016-10-10,,Bahamas Leaks,Professional relationship connecting offshore entities with individuals.
REL_00663,ENT_00304,OFF_00230,shareholder_of,2015-05-29,,Paradise Papers,Professional relationship connecting offshore entities with individuals.
REL_00664,ENT_00112,OFF_00196,officer_of,2019-08-10,2024-12-21,Pandora Papers,Professional relationship connecting offshore entities with individuals.
REL_00665,ENT_00292,OFF_00121,beneficiary_of,2019-06-07,,Pandora Papers,Professional relationship connecting offshore entities with individuals.
REL_00666,ENT_00491,OFF_00179,beneficiary_of,2018-02-28,2024-03-20,Bahamas Leaks,Professional relationship connecting offshore entities with individuals.
REL_00667,ENT_00074,OFF_00273,director_of,2014-12-10,,Paradise Papers,Professional relationship connecting offshore entities with individuals.
REL_00668,ENT_00131,OFF_00271,officer_of,2014-10-27,2025-03-03,Pandora Papers,Professional relationship connecting offshore entities with individuals.
REL_00669,ENT_00406,OFF_00255,beneficiary_of,2015-01-11,2024-12-12,Panama Papers,Professional relationship connecting offshore entities with individuals.
REL_00670,ENT_00340,OFF_00046,officer_of,2014-04-07,2023-03-30,Bahamas Leaks,Professional relationship connecting offshore entities with individuals.
REL_00671,ENT_00287,OFF_00171,director_of,2018-07-17,,Bahamas Leaks,Professional relationship connecting offshore entities with individuals.
REL_00672,ENT_00393,OFF_00063,director_of,2014-06-20,,Bahamas Leaks,Professional relationship connecting offshore entities with individuals.
REL_00673,ENT_00439,OFF_00140,beneficiary_of,2016-01-03,2025-05-12,Offshore Leaks,Professional relationship connecting offshore entities with individuals.
REL_00674,ENT_00026,OFF_00216,beneficiary_of,2020-01-08,,Paradise Papers,Professional relationship connecting offshore entities with individuals.
REL_00675,ENT_00413,OFF_00258,beneficiary_of,2011-06-06,2022-10-11,Bahamas Leaks,Professional relationship connecting offshore entities with individuals.
REL_00676,ENT_00291,OFF_00133,officer_of,2023-04-26,2025-01-24,Bahamas Leaks,Professional relationship connecting offshore entities with individuals.
REL_00677,ENT_00203,OFF_00110,shareholder_of,2020-10-26,,Offshore Leaks,Professional relationship connecting offshore entities with individuals.
REL_00678,ENT_00201,OFF_00057,shareholder_of,2016-05-11,2024-10-16,Bahamas Leaks,Professional relationship connecting offshore entities with individuals.
REL_00679,ENT_00059,OFF_00270,shareholder_of,2023-12-07,2024-12-21,Paradise Papers,Professional relationship connecting offshore entities with individuals.
REL_00680,ENT_00299,OFF_00246,beneficiary_of,2012-04-13,,Bahamas Leaks,Professional relationship connecting offshore entities with individuals.
REL_00681,ENT_00362,OFF_00173,director_of,2017-10-20,2023-12-01,Bahamas Leaks,Professional relationship connecting offshore entities with individuals.
REL_00682,ENT_00414,OFF_00283,director_of,2014-11-09,,Panama Papers,Professional relationship connecting offshore entities with individuals.
REL_00683,ENT_00486,OFF_00187,director_of,2022-08-03,2022-07-20,Paradise Papers,Professional relationship connecting offshore entities with individuals.
REL_00684,ENT_00240,OFF_00169,beneficiary_of,2016-07-02,2023-05-12,Pandora Papers,Professional relationship connecting offshore entities with individuals.
REL_00685,ENT_00237,OFF_00189,officer_of,2018-03-19,2025-04-25,Offshore Leaks,Professional relationship connecting offshore entities with individuals.
REL_00686,ENT_00402,OFF_00245,shareholder_of,2020-09-22,2022-11-02,Bahamas Leaks,Professional relationship connecting offshore entities with individuals.
REL_00687,ENT_00055,OFF_00115,officer_of,2018-03-10,2024-08-11,Pandora Papers,Professional relationship connecting offshore entities with individuals.
REL_00688,ENT_00166,OFF_00096,beneficiary_of,2013-04-22,,Panama Papers,Professional relationship connecting offshore entities with individuals.
REL_00689,ENT_00222,OFF_00299,officer_of,2011-06-28,2023-04-20,Offshore Leaks,Professional relationship connecting offshore entities with individuals.
REL_00690,ENT_00396,OFF_00025,director_of,2012-06-04,,Pandora Papers,Professional relationship connecting offshore entities with individuals.
REL_00691,ENT_00343,OFF_00076,shareholder_of,2023-03-04,2024-03-28,Paradise Papers,Professional relationship connecting offshore entities with individuals.
REL_00692,ENT_00191,OFF_00115,officer_of,2015-06-02,,Offshore Leaks,Professional relationship connecting offshore entities with individuals.
REL_00693,ENT_00262,OFF_00035,officer_of,2020-10-03,2024-01-07,Offshore Leaks,Professional relationship connecting offshore entities with individuals.
REL_00694,ENT_00375,OFF_00123,shareholder_of,2013-06-04,,Offshore Leaks,Professional relationship connecting offshore entities with individuals.
REL_00695,ENT_00161,OFF_00093,beneficiary_of,2014-05-30,2022-07-22,Panama Papers,Professional relationship connecting offshore entities with individuals.
REL_00696,ENT_00209,OFF_00286,director_of,2019-07-29,,Offshore Leaks,Professional relationship connecting offshore entities with individuals.
REL_00697,ENT_00015,OFF_00235,officer_of,2023-09-19,,Offshore Leaks,Professional relationship connecting offshore entities with individuals.
REL_00698,ENT_00399,OFF_00055,beneficiary_of,2014-03-21,,Paradise Papers,Professional relationship connecting offshore entities with individuals.
REL_00699,ENT_00107,OFF_00240,beneficiary_of,2023-05-28,2024-06-18,Panama Papers,Professional relationship connecting offshore entities with individuals.
REL_00700,ENT_00287,OFF_00097,beneficiary_of,2020-09-16,,Bahamas Leaks,Professional relationship connecting offshore entities with individuals.
REL_00701,ENT_00098,OFF_00189,officer_of,2015-10-21,2022-12-01,Pandora Papers,Professional relationship connecting offshore entities with individuals.
REL_00702,ENT_00305,OFF_00261,director_of,2022-12-28,2023-04-10,Bahamas Leaks,Professional relationship connecting offshore entities with individuals.
REL_00703,ENT_00234,OFF_00063,shareholder_of,2019-03-10,2025-02-28,Bahamas Leaks,Professional relationship connecting offshore entities with individuals.
REL_00704,ENT_00373,OFF_00167,director_of,2023-10-03,,Offshore Leaks,Professional relationship connecting offshore entities with individuals.
REL_00705,ENT_00232,OFF_00151,director_of,2021-12-07,,Paradise Papers,Professional relationship connecting offshore entities with individuals.
REL_00706,ENT_00007,OFF_00018,beneficiary_of,2023-12-13,2024-04-14,Offshore Leaks,Professional relationship connecting offshore entities with individuals.
REL_00707,ENT_00165,OFF_00063,beneficiary_of,2020-03-31,,Bahamas Leaks,Professional relationship connecting offshore entities with individuals.
REL_00708,ENT_00398,OFF_00215,beneficiary_of,2021-02-23,,Panama Papers,Professional relationship connecting offshore entities with individuals.
REL_00709,ENT_00007,OFF_00048,shareholder_of,2012-10-29,2023-06-10,Paradise Papers,Professional relationship connecting offshore entities with individuals.
REL_00710,ENT_00222,OFF_00239,director_of,2015-05-07,2023-04-17,Offshore Leaks,Professional relationship connecting offshore entities with individuals.
REL_00711,ENT_00340,OFF_00268,shareholder_of,2016-07-09,2025-01-24,Panama Papers,Professional relationship connecting offshore entities with individuals.
REL_00712,ENT_00407,OFF_00296,shareholder_of,2022-12-07,,Offshore Leaks,Professional relationship connecting offshore entities with individuals.
REL_00713,ENT_00485,OFF_00124,director_of,2013-07-25,2023-08-31,Bahamas Leaks,Professional relationship connecting offshore entities with individuals.
REL_00714,ENT_00461,OFF_00246,officer_of,2020-03-30,,Pandora Papers,Professional relationship connecting offshore entities with individuals.
REL_00715,ENT_00429,OFF_00297,officer_of,2012-09-20,2025-05-26,Paradise Papers,Professional relationship connecting offshore entities with individuals.
REL_00716,ENT_00237,OFF_00276,director_of,2021-09-23,,Offshore Leaks,Professional relationship connecting offshore entities with individuals.
REL_00717,ENT_00247,OFF_00170,director_of,2017-09-05,,Pandora Papers,Professional relationship connecting offshore entities with individuals.
REL_00718,ENT_00010,OFF_00048,beneficiary_of,2022-03-22,2022-11-26,Pandora Papers,Professional relationship connecting offshore entities with individuals.
REL_00719,ENT_00160,OFF_00061,shareholder_of,2017-10-07,2023-06-02,Offshore Leaks,Professional relationship connecting offshore entities with individuals.
REL_00720,ENT_00247,OFF_00081,officer_of,2016-02-07,,Bahamas Leaks,Professional relationship connecting offshore entities with individuals.
REL_00721,ENT_00148,OFF_00157,shareholder_of,2014-11-12,,Panama Papers,Professional relationship connecting offshore entities with individuals.
REL_00722,ENT_00334,OFF_00284,beneficiary_of,2024-01-15,2024-07-08,Pandora Papers,Professional relationship connecting offshore entities with individuals.
REL_00723,ENT_00045,OFF_00102,beneficiary_of,2015-09-10,2025-04-21,Paradise Papers,Professional relationship connecting offshore entities with individuals.
REL_00724,ENT_00399,OFF_00082,shareholder_of,2023-03-12,,Pandora Papers,Professional relationship connecting offshore entities with individuals.
REL_00725,ENT_00145,OFF_00070,shareholder_of,2014-11-28,,Offshore Leaks,Professional relationship connecting offshore entities with individuals.
REL_00726,ENT_00079,OFF_00122,officer_of,2020-08-02,2023-09-05,Paradise Papers,Professional relationship connecting offshore entities with individuals.
REL_00727,ENT_00433,OFF_00178,officer_of,2011-02-09,2022-09-28,Offshore Leaks,Professional relationship connecting offshore entities with individuals.
REL_00728,ENT_00462,OFF_00155,beneficiary_of,2023-09-13,,Paradise Papers,Professional relationship connecting offshore entities with individuals.
REL_00729,ENT_00334,OFF_00103,director_of,2012-02-14,2025-03-21,Offshore Leaks,Professional relationship connecting offshore entities with individuals.
REL_00730,ENT_00087,OFF_00267,beneficiary_of,2021-06-11,2022-08-11,Offshore Leaks,Professional relationship connecting offshore entities with individuals.
REL_00731,ENT_00134,OFF_00152,director_of,2021-08-14,,Pandora Papers,Professional relationship connecting offshore entities with individuals.
REL_00732,ENT_00200,OFF_00251,beneficiary_of,2017-09-03,2022-08-25,Panama Papers,Professional relationship connecting offshore entities with individuals.
REL_00733,ENT_00451,OFF_00031,director_of,2024-02-14,2023-09-26,Panama Papers,Professional relationship connecting offshore entities with individuals.
REL_00734,ENT_00013,OFF_00021,director_of,2022-11-06,2024-02-28,Paradise Papers,Professional relationship connecting offshore entities with individuals.
REL_00735,ENT_00221,OFF_00221,beneficiary_of,2018-10-07,,Bahamas Leaks,Professional relationship connecting offshore entities with individuals.
REL_00736,ENT_00321,OFF_00073,shareholder_of,2022-01-04,2022-12-09,Paradise Papers,Professional relationship connecting offshore entities with individuals.
REL_00737,ENT_00139,OFF_00184,beneficiary_of,2016-04-28,2025-04-13,Bahamas Leaks,Professional relationship connecting offshore entities with individuals.
REL_00738,ENT_00274,OFF_00110,director_of,2016-04-25,2024-07-14,Panama Papers,Professional relationship connecting offshore entities with individuals.
REL_00739,ENT_00116,OFF_00164,shareholder_of,2022-04-10,,Paradise Papers,Professional relationship connecting offshore entities with individuals.
REL_00740,ENT_00484,OFF_00282,director_of,2020-10-30,,Panama Papers,Professional relationship connecting offshore entities with individuals.
REL_00741,ENT_00106,OFF_00282,director_of,2019-01-28,2023-02-11,Paradise Papers,Professional relationship connecting offshore entities with individuals.
REL_00742,ENT_00359,OFF_00186,beneficiary_of,2011-08-15,,Paradise Papers,Professional relationship connecting offshore entities with individuals.
REL_00743,ENT_00011,OFF_00080,shareholder_of,2024-01-12,2024-02-19,Pandora Papers,Professional relationship connecting offshore entities with individuals.
REL_00744,ENT_00243,OFF_00249,director_of,2019-07-18,,Paradise Papers,Professional relationship connecting offshore entities with individuals.
REL_00745,ENT_00125,OFF_00042,officer_of,2016-10-21,,Offshore Leaks,Professional relationship connecting offshore entities with individuals.
REL_00746,ENT_00091,OFF_00290,officer_of,2017-12-01,2024-02-21,Bahamas Leaks,Professional relationship connecting offshore entities with individuals.
REL_00747,ENT_00199,OFF_00027,officer_of,2017-10-18,2024-09-08,Offshore Leaks,Professional relationship connecting offshore entities with individuals.
REL_00748,ENT_00242,OFF_00109,shareholder_of,2023-05-24,2025-04-16,Bahamas Leaks,Professional relationship connecting offshore entities with individuals.
REL_00749,ENT_00358,OFF_00239,shareholder_of,2022-11-01,,Panama Papers,Professional relationship connecting offshore entities with individuals.
REL_00750,ENT_00182,OFF_00208,beneficiary_of,2024-04-30,2022-07-16,Panama Papers,Professional relationship connecting offshore entities with individuals.
REL_00751,ENT_00268,OFF_00054,shareholder_of,2022-08-20,,Bahamas Leaks,Professional relationship connecting offshore entities with individuals.
REL_00752,ENT_00365,OFF_00155,beneficiary_of,2022-05-10,,Offshore Leaks,Professional relationship connecting offshore entities with individuals.
REL_00753,ENT_00249,OFF_00283,director_of,2019-03-03,2024-03-01,Panama Papers,Professional relationship connecting offshore entities with individuals.
REL_00754,ENT_00058,OFF_00175,beneficiary_of,2019-10-27,,Bahamas Leaks,Professional relationship connecting offshore entities with individuals.
REL_00755,ENT_00090,OFF_00031,shareholder_of,2014-02-12,,Paradise Papers,Professional relationship connecting offshore entities with individuals.
REL_00756,ENT_00469,OFF_00294,beneficiary_of,2022-02-07,,Paradise Papers,Professional relationship connecting offshore entities with individuals.
REL_00757,ENT_00306,OFF_00037,beneficiary_of,2015-02-24,,Pandora Papers,Professional relationship connecting offshore entities with individuals.
REL_00758,ENT_00376,OFF_00216,beneficiary_of,2020-06-18,2023-08-04,Pandora Papers,Professional relationship connecting offshore entities with individuals.
REL_00759,ENT_00467,OFF_00012,director_of,2017-04-07,2023-11-29,Panama Papers,Professional relationship connecting offshore entities with individuals.
REL_00760,ENT_00453,OFF_00283,director_of,2022-01-22,2023-09-17,Panama Papers,Professional relationship connecting offshore entities with individuals.
REL_00761,ENT_00016,OFF_00012,beneficiary_of,2012-04-09,2023-03-03,Paradise Papers,Professional relationship connecting offshore entities with individuals.
REL_00762,ENT_00345,OFF_00195,beneficiary_of,2013-09-29,,Bahamas Leaks,Professional relationship connecting offshore entities with individuals.
REL_00763,ENT_00237,OFF_00077,director_of,2019-10-01,2024-06-09,Paradise Papers,Professional relationship connecting offshore entities with individuals.
REL_00764,ENT_00078,OFF_00154,shareholder_of,2021-03-25,2024-07-29,Bahamas Leaks,Professional relationship connecting offshore entities with individuals.
REL_00765,ENT_00410,OFF_00275,director_of,2015-06-13,,Paradise Papers,Professional relationship connecting offshore entities with individuals.
REL_00766,ENT_00106,OFF_00005,shareholder_of,2023-04-21,2022-07-31,Pandora Papers,Professional relationship connecting offshore entities with individuals.
REL_00767,ENT_00034,OFF_00107,director_of,2019-07-10,,Offshore Leaks,Professional relationship connecting offshore entities with individuals.
REL_00768,ENT_00441,OFF_00023,shareholder_of,2018-07-15,,Bahamas Leaks,Professional relationship connecting offshore entities with individuals.
REL_00769,ENT_00377,OFF_00048,director_of,2024-01-01,2024-03-26,Bahamas Leaks,Professional relationship connecting offshore entities with individuals.
REL_00770,ENT_00106,OFF_00099,director_of,2022-03-21,,Bahamas Leaks,Professional relationship connecting offshore entities with individuals.
REL_00771,ENT_00130,OFF_00019,officer_of,2019-04-12,2024-07-20,Bahamas Leaks,Professional relationship connecting offshore entities with individuals.
REL_00772,ENT_00074,OFF_00293,director_of,2016-04-18,,Pandora Papers,Professional relationship connecting offshore entities with individuals.
REL_00773,ENT_00178,OFF_00057,shareholder_of,2018-07-08,2024-01-13,Pandora Papers,Professional relationship connecting offshore entities with individuals.
REL_00774,ENT_00396,OFF_00277,beneficiary_of,2014-04-06,2024-05-17,Pandora Papers,Professional relationship connecting offshore entities with individuals.
REL_00775,ENT_00338,OFF_00134,shareholder_of,2020-07-24,2023-06-15,Panama Papers,Professional relationship connecting offshore entities with individuals.
REL_00776,ENT_00334,OFF_00101,beneficiary_of,2023-07-27,2024-12-12,Panama Papers,Professional relationship connecting offshore entities with individuals.
REL_00777,ENT_00034,OFF_00004,shareholder_of,2014-08-05,,Paradise Papers,Professional relationship connecting offshore entities with individuals.
REL_00778,ENT_00473,OFF_00199,officer_of,2018-08-23,2023-08-23,Panama Papers,Professional relationship connecting offshore entities with individuals.
REL_00779,ENT_00053,OFF_00049,shareholder_of,2022-07-19,2022-07-03,Pandora Papers,Professional relationship connecting offshore entities with individuals.
REL_00780,ENT_00492,OFF_00239,director_of,2022-11-18,2022-12-21,Paradise Papers,Professional relationship connecting offshore entities with individuals.
REL_00781,ENT_00264,OFF_00276,beneficiary_of,2017-03-13,,Offshore Leaks,Professional relationship connecting offshore entities with individuals.
REL_00782,ENT_00251,OFF_00158,officer_of,2014-01-11,,Panama Papers,Professional relationship connecting offshore entities with individuals.
REL_00783,ENT_00290,OFF_00128,officer_of,2015-05-23,2023-03-27,Pandora Papers,Professional relationship connecting offshore entities with individuals.
REL_00784,ENT_00300,OFF_00295,director_of,2014-11-11,2025-02-11,Bahamas Leaks,Professional relationship connecting offshore entities with individuals.
REL_00785,ENT_00460,OFF_00049,director_of,2014-12-28,2022-08-14,Paradise Papers,Professional relationship connecting offshore entities with individuals.
REL_00786,ENT_00487,OFF_00032,shareholder_of,2013-07-01,,Pandora Papers,Professional relationship connecting offshore entities with individuals.
REL_00787,ENT_00092,OFF_00122,officer_of,2022-11-19,,Offshore Leaks,Professional relationship connecting offshore entities with individuals.
REL_00788,ENT_00431,OFF_00011,shareholder_of,2023-06-21,,Paradise Papers,Professional relationship connecting offshore entities with individuals.
REL_00789,ENT_00218,OFF_00166,director_of,2016-08-26,2024-04-16,Panama Papers,Professional relationship connecting offshore entities with individuals.
REL_00790,ENT_00381,OFF_00166,shareholder_of,2014-12-30,2024-05-05,Offshore Leaks,Professional relationship connecting offshore entities with individuals.
REL_00791,ENT_00185,OFF_00054,beneficiary_of,2022-12-16,,Panama Papers,Professional relationship connecting offshore entities with individuals.
REL_00792,ENT_00445,OFF_00280,officer_of,2017-07-18,,Pandora Papers,Professional relationship connecting offshore entities with individuals.
REL_00793,ENT_00007,OFF_00202,officer_of,2016-02-27,2024-08-18,Offshore Leaks,Professional relationship connecting offshore entities with individuals.
REL_00794,ENT_00316,OFF_00117,director_of,2023-11-02,,Paradise Papers,Professional relationship connecting offshore entities with individuals.
REL_00795,ENT_00160,OFF_00039,director_of,2023-03-30,2023-09-06,Panama Papers,Professional relationship connecting offshore entities with individuals.
REL_00796,ENT_00224,OFF_00109,shareholder_of,2015-01-21,2023-08-16,Paradise Papers,Professional relationship connecting offshore entities with individuals.
REL_00797,ENT_00251,OFF_00273,director_of,2015-07-29,2025-01-18,Paradise Papers,Professional relationship connecting offshore entities with individuals.
REL_00798,ENT_00028,OFF_00284,director_of,2012-01-01,2023-11-17,Panama Papers,Professional relationship connecting offshore entities with individuals.
REL_00799,ENT_00273,OFF_00201,director_of,2012-05-23,,Paradise Papers,Professional relationship connecting offshore entities with individuals.
